date,username,to,replies,retweets,favorites,text,geo,mentions,hashtags,id,permalink
2020-05-20 15:08:40,AfDimBundestag,,18,19,75,"„Taiwan ist in der #Corona-Pandemie weltweit Vorbild!“ Darauf weist unser Außenpolitischer Sprecher, Armin-Paulus #Hampel, in seiner aktuellen Presseerklärung hin:",,,#Corona #Hampel,1263124487408504833,https://twitter.com/AfDimBundestag/status/1263124487408504833
2020-05-20 14:31:29,Linksfraktion,,7,10,39,"Kleiner #Kindergipfel: Die Corona-Krise bedroht wichtige Fortschritte, befürchtet @DietmarBartsch »DIE LINKE wird sich dafür einsetzen, dass nicht Kinder und Jugendliche am Ende für die Krise zahlen müssen.«",,@DietmarBartsch,#Kindergipfel,1263115131405434881,https://twitter.com/Linksfraktion/status/1263115131405434881
2020-05-20 09:17:18,AfDimBundestag,,9,30,141,"Die #EU soll Darlehen in Höhe von 500 Mrd Euro aufnehmen, um ‚nicht rückzahlbare Finanzhilfen‘ an besonders betroffene #Corona EU-Staaten zu leisten. Dazu Albrecht Glaser: ""Offensichtlicher Bruch der EU-Verträge durch #Merkel und #Macron!"" #AfD #Bundestag",,,#EU #Corona #Merkel #Macron #AfD #Bundestag,1263036063817371656,https://twitter.com/AfDimBundestag/status/1263036063817371656
2020-05-19 12:07:57,AfDimBundestag,,21,95,298,"""Kein #Merkel-#Macron-Wiederaufbaufonds auf Kosten unserer Kinder und Enkel!"" Das fordern @Beatrix_vStorch und @PeterBoehringer, angesichts dessen, dass Deutschland ab 2021 andere EU-Staaten mittels des sog. EU-Wiederaufbaufonds unterstützen soll. #Corona ",,@Beatrix_vStorch @PeterBoehringer,#Merkel #Macron #Corona,1262716621388472320,https://twitter.com/AfDimBundestag/status/1262716621388472320
2020-05-18 10:10:05,Linksfraktion,,2,7,51,"Der Anspruch auf #Corona-#Elterngeld soll nach und nach auslaufen. ""Es ist absolut unverständlich, dass die #Lohnfortzahlung für #Eltern nach sechs Wochen ausläuft, obwohl ein vollständiger Betrieb von #Kitas und #Schulen derzeit nicht in Sicht ist"", sagt @Katrin_Werner.",,@Katrin_Werner,#Corona #Elterngeld #Lohnfortzahlung #Eltern #Kitas #Schulen,1262324571476295681,https://twitter.com/Linksfraktion/status/1262324571476295681
2020-05-15 14:26:04,AfDimBundestag,,183,261,828,"Stellv. Vorsitzender der #AfD-Fraktion im Deutschen #Bundestag, @Tino_Chrupalla, zum Untersuchungssausschuss #Corona: ""Wir haben den dringenden Verdacht, dass man uns und Sie, liebe Bürgerinnen und Bürger, getäuscht hat!"" ",,@Tino_Chrupalla,#AfD #Bundestag #Corona,1261301830128148482,https://twitter.com/AfDimBundestag/status/1261301830128148482
2020-05-15 14:13:03,AfDimBundestag,,4,9,35,"Gesundheitsminister @jensspahn möchte durch das „Zweite Gesetz zum Schutz der Bevölkerung bei einer epidemischen Lage von nationaler Tragweite“ die Menschen vor einer Infektion mit #Corona schützen. @DrRobbySchlund kommentiert hierzu wie folgt: https://www.afdbundestag.de/schlund-spahns-gesetzentwurf-zur-corona-bekaempfung-laesst-deutschland-im-krisenmodus-verharren/ #AfD",,@jensspahn @DrRobbySchlund,#Corona #AfD,1261298553932128256,https://twitter.com/AfDimBundestag/status/1261298553932128256
2020-05-15 12:46:52,Linksfraktion,,0,8,11,"Pia Zimmermann: Warum sollte abendlicher Applaus der angemessene#Lohn für eine gut qualifizierte Fachkraft sein? #Pflegekräfte verdienen mehr! - https://www.youtube.com/watch?v=PcKm7B_XpK8 #Pflege #Corona",,,#Pflegekr #Pflege #Corona,1261276866226380801,https://twitter.com/Linksfraktion/status/1261276866226380801
2020-05-15 08:50:22,AfDimBundestag,,2,10,45,"Regierung will völlig überzogene #Corona-Maßnahmen kaschieren! ""Das Planungssicherstellungsgesetz beruht nicht auf dem Willen das Land voranzubringen!"", @MarcBernhardAfD. #AfD #Bundestag",,@MarcBernhardAfD,#Corona #AfD #Bundestag,1261217345470640128,https://twitter.com/AfDimBundestag/status/1261217345470640128
2020-05-14 16:40:15,AfDimBundestag,,2,15,67,"+++ Kein Gutschein-Zwang in der #Corona-Krise! +++ ""Die Verbraucher müssen selbst entscheiden können, ob sie für eine nicht erbrachte Leistung eine Erstattung oder einen #Gutschein bekommen"", @ProfMaier. #AfD #Bundestag",,@ProfMaier,#Corona #Gutschein #AfD #Bundestag,1260973209400287235,https://twitter.com/AfDimBundestag/status/1260973209400287235
2020-05-14 16:32:40,Linksfraktion,,16,22,75,"Die #Corona-Krise reißt 100-Milliarden-Euro-Loch in die Finanzen von Bund, Ländern und Gemeinden. @LoetzschMdB fordert eine Vermögensabgabe auf sehr große Vermögen. Ganzes Statement: https://www.youtube.com/watch?v=u14q3NpU_II",,@LoetzschMdB,#Corona,1260971300388044805,https://twitter.com/Linksfraktion/status/1260971300388044805
2020-05-14 13:45:01,AfDimBundestag,,30,150,456,"+++BMI-Leak: Diffamierungen gegen Mitarbeiter und Demonstranten!+++ Innenpolitischer Sprecher der #AfD-Fraktion im #Bundestag @GottfriedCurio zum #BMI-Leak und den #Corona-Einschränkungen durch die Regierung. ",,@GottfriedCurio,#AfD #Bundestag #BMI #Corona,1260929109229629442,https://twitter.com/AfDimBundestag/status/1260929109229629442
2020-05-14 13:15:32,Linksfraktion,,2,5,18,"Statt immer nur Autogipfel: DIE LINKE fordert einen #Kindergipfel im #Kanzleramt. Für die gesellschaftliche Teilhabe von Kindern in Zeiten der #Corona-Pandemie. Dafür warb @Norbert_MdB in seiner heutigen Rede im Bundestag. https://www.youtube.com/watch?v=R6roobKguXg #Kinderrechte",,@Norbert_MdB,#Kindergipfel #Kanzleramt #Corona #Kinderrechte,1260921689434722304,https://twitter.com/Linksfraktion/status/1260921689434722304
2020-05-14 13:07:48,Linksfraktion,,0,2,7,"Sabine Zimmermann: #Kinderarmut ist immer die Armut der Eltern, noch verschärft durch die #Corona-Pandemie. Damit die #Bundesregierung die #Familien nicht vergisst, fordert DIE #LINKE. einen #Kindergipfel",,,#Kinderarmut #Corona #Bundesregierung #Familien #LINKE #Kindergipfel,1260919743185399808,https://twitter.com/Linksfraktion/status/1260919743185399808
2020-05-14 11:07:39,AfDimBundestag,,7,17,64,"""Die Ursachen der Eurokrise gab es schon lange vor #Corona!"", @PeterBoehringer, Vorsitzender im Haushaltsausschuss. #AfD #Bundestag #coronavirusdeutschland",,@PeterBoehringer,#Corona #AfD #Bundestag #coronavirusdeutschland,1260889506863026183,https://twitter.com/AfDimBundestag/status/1260889506863026183
2020-05-14 10:36:41,Linksfraktion,,6,19,85,"Erneut versäumen #CDU und #SPD den Ärmsten in der #krise beizustehen. @katjakipping hingegen macht Druck für einen #Corona Aufschlag auf alle Sozialleistungen und für eine Erhöhung des Kurzarbeitergeldes auf 90% ",,@katjakipping,#CDU #SPD #krise #Corona,1260881714982858752,https://twitter.com/Linksfraktion/status/1260881714982858752
2020-05-14 09:25:48,AfDimBundestag,,21,18,45,"Aufgrund von #Corona droht ein Steuereinnahmedefizit von 100 Mrd Euro für 2020. Die gesetzlichen Krankenkassen rechnen mit Mindereinnahmen über 14 Mrd Euro. Dazu @Witt_Uwe: ""Krankenkassen droht Milliardenloch durch #COVID19!"" #AfD #Bundestag #Coronakrise",,@Witt_Uwe,#Corona #COVID19 #AfD #Bundestag #Coronakrise,1260863876360527872,https://twitter.com/AfDimBundestag/status/1260863876360527872
2020-05-14 08:38:21,AfDimBundestag,,12,29,89,"Aus dem #BMI wurde ein umfassender Bericht einschließlich Anlagen, der Einschätzung zu den Maßnahmen in Bezug zur #Corona-Krise veröffentlicht. Dazu Detlev Spangenberg: ""#Merkel ignorant geg. wissenschaftlicher Ausarbeitung!"" #coronavirusdeutschland #AfD",,,#BMI #Corona #Merkel #coronavirusdeutschland #AfD,1260851933390217216,https://twitter.com/AfDimBundestag/status/1260851933390217216
2020-05-13 18:03:14,AfDimBundestag,,66,131,533,"Keine neuen Steuern und Abgaben wegen Corona? Wir werden Sie dran erinnern, Frau Bundeskanzlerin! @Tino_Chrupalla #Merkel #AfD #Bundestag",,@Tino_Chrupalla,#Merkel #AfD #Bundestag,1260631706744369158,https://twitter.com/AfDimBundestag/status/1260631706744369158
2020-05-13 13:18:18,AfDimBundestag,,4,44,119,"Die geplante Rentenerhöhung soll nach Ansicht des Finanzwissenschaftlers Raffelhüschen wegen der #Corona-Krise gestoppt werden. Dazu @ulschzi: ""Rentner für Fehlentscheidungen der #Bundesregierung nicht verantwortlich – #Rentenerhöhung muss kommen!"" #AfD",,@ulschzi,#Corona #Bundesregierung #Rentenerh #AfD,1260559998410805249,https://twitter.com/AfDimBundestag/status/1260559998410805249
2020-05-13 09:13:50,AfDimBundestag,,6,18,72,"Die #AfD-Fraktion wird den Antrag „Negativfolgen der #Corona-Maßnahmen auf das #Gastronomie-Gewerbe eindämmen – Einen fairen und einheitlichen Umsatzsteuersatz auf Lebensmittel einführen“ einbringen. Dazu @KayGottschalk1: ""Gastronomen dauerhaft entlasten!"" https://www.afdbundestag.de/gottschalk-gastronomen-dauerhaft-entlasten/?fbclid=IwAR3eo6f0P00IeTywuM3cQVSfc28h_mW_VAgzR7TQ15Yx-A_KtDvGTzUUqIE",,@KayGottschalk1,#AfD #Corona #Gastronomie,1260498477441789956,https://twitter.com/AfDimBundestag/status/1260498477441789956
2020-05-12 14:52:24,Linksfraktion,,8,21,99,"Schlachthöfe haben sich in #Deutschland zu #Corona-Brennpunkten entwickelt. @Amira_M_Ali verurteilte die #Arbeitsbedingungen dort im heutigen Pressestatement scharf. Die skrupellose #Profitmaximierung müsse gestoppt werden. Das ganze Statement: https://www.youtube.com/watch?v=aep7Iq0SoDg",,@Amira_M_Ali,#Deutschland #Corona #Arbeitsbedingungen #Profitmaximierung,1260221294156578817,https://twitter.com/Linksfraktion/status/1260221294156578817
2020-05-12 13:30:28,AfDimBundestag,,7,11,62,"Der 12. Mai ist der Internationale Tag der Pflege. Der #AfD-Abgeordnete @Martin_Sichert betont aus diesem Anlass die systemrelevante Bedeutung der häuslichen Pflege – gerade während der derzeitigen #Corona-Krise: ""Häusliche Pflege stärken!"" #Pflegekraefte",,@Martin_Sichert,#AfD #Corona #Pflegekraefte,1260200673314058240,https://twitter.com/AfDimBundestag/status/1260200673314058240
2020-05-12 13:24:56,AfDimBundestag,,9,18,90,"Nach einem #Corona-Ausbruch in einem Schlachtbetrieb in #Coesfeld sollen landesweit alle rund 20.000 Mitarbeiter getestet werden. Dazu @Pohl_MdB: ""#Bundesregierung ignoriert seit Jahren die skandalösen Zustände in der deutschen Fleischwirtschaft!"" #COVID19",,@Pohl_MdB,#Corona #Coesfeld #Bundesregierung #COVID19,1260199281501310979,https://twitter.com/AfDimBundestag/status/1260199281501310979
2020-05-12 12:29:05,Linksfraktion,SZ_Politik,4,4,21,"Pia Zimmermann: Das zarte Pflänzchen Beschäftigten-Anstieg in der Altenpflege drohte bereits vor Corona wieder zu verdorren. Um die Altenpflege attraktiver zu machen, muss der Arbeitsaufwand gesenkt, also mehr Personal mit höheren Löhnen und Tarifverträgen eingestellt werden. ",,,,1260185223444094976,https://twitter.com/Linksfraktion/status/1260185223444094976
2020-05-12 06:14:46,Linksfraktion,,6,22,71,"Heute ist #TagDerPflege. Die Arbeit von Pflegerinnen und Pflegern ist wichtig für unsere Gesellschaft. Sie leisten jetzt, aber auch schon vor der Corona-Krise, Großartiges. Diese Leistung muss gewürdigt werden – jetzt und auch nach derKrise. ",,,#TagDerPflege,1260091026057945088,https://twitter.com/Linksfraktion/status/1260091026057945088
2020-05-11 12:39:58,AfDimBundestag,,18,17,69,"Mehr als 200 Mitarbeiter der Großschlachterei „Westfleisch“ in #Coesfeld im Münsterland sind laut Behördenangaben mit #Corona infiziert. @Pohl_MdB kommentiert: ""Corona offenbart menschenunwürdige Arbeitsbedingungen in der fleischverarbeitenden Industrie!"" ",,@Pohl_MdB,#Coesfeld #Corona,1259825574421413891,https://twitter.com/AfDimBundestag/status/1259825574421413891
2020-05-11 10:46:27,Linksfraktion,,0,1,10,"Steuersparmodelle und Staatshilfen passen nicht zusammen, findet @ernst_klaus » Die Corona-Krise zeigt deutlich, dass der Staat Einfluss auf die Unternehmen braucht, wenn er sich beteiligt.« ",,@ernst_klaus,,1259797009785139200,https://twitter.com/Linksfraktion/status/1259797009785139200
2020-05-11 08:39:20,AfDimBundestag,,84,195,816,"Zur wachsenden Kritik an den deutschlandweiten Demos gegen die #Corona-Maßnahmen von Bund und Ländern teilt der Vorsitzende der #AfD-Fraktion im Deutschen #Bundestag, Alexander #Gauland, mit: ""Meinungs- und Versammlungsfreiheit gilt auch in Krisenzeiten!""",,,#Corona #AfD #Bundestag #Gauland,1259765019149062144,https://twitter.com/AfDimBundestag/status/1259765019149062144
2020-05-08 14:09:06,AfDimBundestag,,61,106,347,"+++Corona-Positionspapier 2: Freiheit und Bürgerrechte wiederherstellen!+++ Die #AfD-Fraktion im Deutschen #Bundestag fordert: ""Soviel Freiheit wie möglich, nicht mehr Einschränkungen als nötig!"" Lesen Sie unser #Corona-Positionspapier: https://www.afdbundestag.de/corona-positionspapier-2-shutdown-sofort-beenden-soviel-freiheit-wie-moeglich-nicht-mehr-einschraenkungen-als-noetig/",,,#AfD #Bundestag #Corona,1258760845204561920,https://twitter.com/AfDimBundestag/status/1258760845204561920
2020-05-07 18:46:21,Linksfraktion,,10,13,42,"»Bei der sozialen Abfederung der Corona-Krise vergisst diese Regierung beständig soziale Hilfen für die Ärmsten unserer Gesellschaft.« @katjakipping stellt unsere Forderungen vor:",,@katjakipping,,1258468229376282629,https://twitter.com/Linksfraktion/status/1258468229376282629
2020-05-07 12:02:03,Linksfraktion,,4,9,25,"»Gesundheitsminister Spahn ist trotz der Corona-Krise nicht bereit, die grundlegenden Probleme in unserer Gesundheitsversorgung anzugehen«, kritisiert @AchimKesslerMdB die Gesundheitspolitik der Bundesregierung. Schluss mit Profitorientierung!",,@AchimKesslerMdB,,1258366482821648384,https://twitter.com/Linksfraktion/status/1258366482821648384
2020-05-07 10:34:42,Linksfraktion,,0,2,16,".@NicoleGohlke macht sich heute im #Plenum des #Bundestag|s für einen #Corona-Sozialfonds und besseres BAföG stark. #Studierende und befristet Beschäftigte bräuchten gerade derzeit zielgenaue Unterstützung: https://www.youtube.com/watch?v=0HpgdAy998M #Bildung #Zukunft",,@NicoleGohlke,#Plenum #Bundestag #Corona #Studierende #Bildung #Zukunft,1258344501434859520,https://twitter.com/Linksfraktion/status/1258344501434859520
2020-05-07 10:33:19,AfDimBundestag,,23,30,120,"Zu den aktuellen Lockerungen der #Corona-Beschränkungen erklärt der stellvertretende Fraktionsvorsitzende der #AfD im Deutschen #Bundestag @S_Muenzenmaier: ""Schluss mit der Salamitaktik – sofortige Aufhebung des #Shutdown!"" #Lockdown",,@S_Muenzenmaier,#Corona #AfD #Bundestag #Shutdown #Lockdown,1258344154507214849,https://twitter.com/AfDimBundestag/status/1258344154507214849
2020-05-07 10:25:34,AfDimBundestag,,6,26,70,"+++Im Zweifel immer für die #Freiheit!+++ In der Debatte zu den eingeschränkten Grundrechten in der Corona-Krise fordert @JoanaCotar, digitalpolitische Sprecherin der #AfD-Fraktion, einen Stopp der #Corona-Tracing-App. #Bundestag",,@JoanaCotar,#Freiheit #AfD #Corona #Bundestag,1258342201651757056,https://twitter.com/AfDimBundestag/status/1258342201651757056
2020-05-07 10:08:34,AfDimBundestag,,4,12,55,"Der stellver. gesundheitspol. Sprecher der #AfD-Fraktion, @DrRobbySchlund, erklärt: ""Aktiv gegen #Corona – Immunsystem stärken durch #Sport!"" Das Öffnen von #Fitnessstudios und ambulanten Rehabilitationseinrichtungen muss schnell erfolgen. #Bundestag",,@DrRobbySchlund,#AfD #Corona #Sport #Fitnessstudios #Bundestag,1258337922769616896,https://twitter.com/AfDimBundestag/status/1258337922769616896
2020-05-07 09:29:38,Linksfraktion,,4,4,14,"Sabine Zimmermann ist mit einem #Corona-#Elterngeld allein nicht zufrieden. DIE#LINKE will zudem ein höheres #Kurzarbeitergeld und einen #Pandemiezuschlag von 200 Euro auf #Hartz IV pro Person. ""Wir brauchen endlich ein soziale Wende"", fordert sie.",,,#Corona #Elterngeld #Kurzarbeitergeld #Pandemiezuschlag #Hartz,1258328128071634944,https://twitter.com/Linksfraktion/status/1258328128071634944
2020-05-07 09:20:36,AfDimBundestag,,90,206,606,"+++Merkels Seuchenregiment Gefolgschaft aufkündigen!+++ @Beatrix_vStorch, stellv. Vorsitzende der #AfD-Fraktion im Deutschen #Bundestag, stellt klar: ""Die politische Willkür der Exekutive in der #Corona-Krise darf sich nie mehr wiederholen!"" ",,@Beatrix_vStorch,#AfD #Bundestag #Corona,1258325850895921152,https://twitter.com/AfDimBundestag/status/1258325850895921152
2020-05-07 08:39:58,AfDimBundestag,,16,108,317,"Die #AfD-Fraktion im Deutschen #Bundestag bringt heute einen Antrag ein, in dem sie die #Bundesregierung auffordert, Pläne für eine #Corona-Tracing-App aufzugeben. Dazu die digitalpol. Sprecherin @JoanaCotar: ""Wir fordern den Stopp der Corona-Tracing-App"" ",,@JoanaCotar,#AfD #Bundestag #Bundesregierung #Corona,1258315626243858432,https://twitter.com/AfDimBundestag/status/1258315626243858432
2020-05-07 06:56:36,Linksfraktion,,0,2,12,". @lgbeutin gestern Abend im Plenum: »Im Schatten der Corona-Krise setzt Koalition mikroskopisch kleine EEG-Reform durch, die nichts von dem regelt, was gebraucht würde. […] Konjunktur voranbringen geht anders.« ",,@lgbeutin,,1258289612407128065,https://twitter.com/Linksfraktion/status/1258289612407128065
2020-05-06 16:59:57,AfDimBundestag,,7,15,68,"In der Debatte zu Kita-Öffnungen und Elternunterstützung stellt #AfD-Abgeordnete @Nicole_Hoechst klar: ""Die Probleme der Kinderbetreuung in #Corona-Zeiten zeigen die Fehler der Familienpolitik der letzten Jahrzehnte."" #Bundestag #Lockerungen",,@Nicole_Hoechst,#AfD #Corona #Bundestag #Lockerungen,1258079063056539649,https://twitter.com/AfDimBundestag/status/1258079063056539649
2020-05-06 16:55:30,Linksfraktion,,7,8,30,"Kanzlerin ohne einheitliche Strategie: @Amira_M_Ali und @DietmarBartsch zur Ankündigung von Angela ##Merkel, den Lockdown in der Corona-Krise aufweichen - Ganze Statement: https://www.youtube.com/watch?v=LtHQWtBY-Zw",,@Amira_M_Ali @DietmarBartsch,#Merkel,1258077944095944706,https://twitter.com/Linksfraktion/status/1258077944095944706
2020-05-06 16:16:55,AfDimBundestag,,20,69,237,"#AfD-MdB @Witt_Uwe stellt in seiner Rede klar: ""Der kopflose Aktionismus der Regierung in der #Corona-Krise gefährdet Bürger und Wirtschaft! Die Regierung richtet den Wirtschaftsstandort Deutschland zugrunde!"" #Bundestag",,@Witt_Uwe,#AfD #Corona #Bundestag,1258068233833320450,https://twitter.com/AfDimBundestag/status/1258068233833320450
2020-05-06 14:26:46,AfDimBundestag,,2,16,60,"Zu den Überbrückungshilfen, die die #Bundesregierung bereitstellt, um die pandemiebedingten Notlagen der Studenten aufzufangen, erklärt der bildungspol. Sprecher der #AfD-Fraktion, @GtzFrmming: ""Keine Verschuldung von Studenten in der Pandemie!"" #Corona ",,@GtzFrmming,#Bundesregierung #AfD #Corona,1258040512927465472,https://twitter.com/AfDimBundestag/status/1258040512927465472
2020-05-06 13:45:35,Linksfraktion,,0,3,8,"Unsere Schwerpunkte im Plenum: Medienvielfalt & Journalismus, Kulturschaffende, Corona-Elterngeld, Rettungsschirm für Familien, Keine Staatshilfen für Konzerne in Steueroasen, Geld für das Gesundheitssystem statt für atomwaffentragende Kampfbomber u.v.m. https://www.linksfraktion.de/parlament/aktuelle-sitzungswoche/",,,,1258030148865134592,https://twitter.com/Linksfraktion/status/1258030148865134592
2020-05-06 12:07:05,Linksfraktion,,0,2,7,"#Livestream ab 15 Uhr: @Amira_M_Ali und @DietmarBartsch kommentieren die Ergebnisse der heutigen Telefonkonferenz von Bundeskanzlerin #Merkel und den Ministerpräsidenten der Länder zur #Corona-Krise. Wie gewohnt auf ",,@Amira_M_Ali @DietmarBartsch,#Livestream #Merkel #Corona,1258005362634080261,https://twitter.com/Linksfraktion/status/1258005362634080261
2020-05-06 08:39:58,AfDimBundestag,,4,13,55,"Nach fast 2 Monaten kann die #Bundesregierung zur Digitalaktion gegen #Corona noch keine konkreten Arbeitsfortschritte nennen. Hierzu erklärt @JoanaCotar: ""Anfrage wegen #Hackathon-Finanzierung &amp; Projektstatus – #GroKo weist keinen Fortschritt vor!"" #AfD",,@JoanaCotar,#Bundesregierung #Corona #Hackathon #GroKo #AfD,1257953238667624448,https://twitter.com/AfDimBundestag/status/1257953238667624448
2020-05-05 10:55:07,AfDimBundestag,,7,41,121,"MdB @PeterFelser stellver. Fraktionsvorsitzender der #AfD im #Bundestag &amp; Leiter der IT-Abteilung der Fraktion, warnt vor der sog. #Corona-Datenspende-App des #RKI: ""Sicherheitsbedenken &amp; mögliche Verletzung der Bürgerrechte!"" #COVID2019 #COVIDー19",,@PeterFelser,#AfD #Bundestag #Corona #RKI #COVID2019 #COVID,1257624864875315200,https://twitter.com/AfDimBundestag/status/1257624864875315200
2020-05-05 08:17:59,AfDimBundestag,,39,48,196,"Es ist immer wieder das gleiche Spiel. Detlev Spangenberg, gesundheitspolitischer Sprecher, erklärt: ""Weitere Erleichterungen im öffentlichen Leben – Abgelehnte Forderungen der #AfD-Fraktion werden nun umgesetzt!"" #Corona #Bundestag #COVID19 #HandHygiene",,,#AfD #Corona #Bundestag #COVID19 #HandHygiene #HandHygiene,1257585318896775169,https://twitter.com/AfDimBundestag/status/1257585318896775169
2020-05-04 15:48:57,Linksfraktion,,7,24,119,"Verteidigungsministerin Kramp-Karrenbauer will mitten in der #Corona-Pandemie 138 neue Kampfflugzeuge anschaffen, davon 30 atomwaffenfähig. ""DIE LINKE fordert schon lange, diese Nukleare Teilhabe zu beenden"", so @tpflueger zum Antrag der Fraktion. http://gleft.de/3L9",,@tpflueger,#Corona,1257336420974329857,https://twitter.com/Linksfraktion/status/1257336420974329857
2020-05-04 13:34:17,AfDimBundestag,,180,419,1264,"+++Nein zur #Impfpflicht!+++ Jens #Spahn möchte einen Corona-#Immunitätsausweis für alle und sät damit einen Spaltpilz in die Gesellschaft. Wir als #AfD-Fraktion im Deutschen #Bundestag lehnen einen Immunitätsnachweis sowie verpflichtende #Impfungen in Bezug auf #Corona ab! ",,,#Impfpflicht #Spahn #Immunit #AfD #Bundestag #Impfungen #Corona,1257302532554022913,https://twitter.com/AfDimBundestag/status/1257302532554022913
2020-05-04 13:18:47,Linksfraktion,,2,4,12,".@AchimKesslerMdB: #Immunitaetsausweis könnte zum Vehikel der Stigmatisierung werden. Er ist das falsche Signal für einen solidarischen Umgang miteinander während der #Corona-Pandemie. ",,@AchimKesslerMdB,#Immunitaetsausweis #Corona,1257298627921395712,https://twitter.com/Linksfraktion/status/1257298627921395712
2020-05-04 12:40:27,AfDimBundestag,,40,122,402,"Auf Basis der RKI Zahlen waren am Do rund 29k Menschen mit #COVIDー19 infektiös erkrankt. Kanzlerin #Merkel sprach wie #Spahn fälschlicherweise von 40k Menschen. Dazu Alexander #Gauland: ""#Corona-Maßnahmen müssen auf sicherer Datengrundlage beruhen"" #AfD",,,#COVID #Merkel #Spahn #Gauland #Corona #AfD,1257288982431510528,https://twitter.com/AfDimBundestag/status/1257288982431510528
2020-05-04 08:04:10,Linksfraktion,,32,58,166,".@Amira_M_Ali wirbt Corona-Vermögensabgabe: Bei den Quandt-Klattens, die immer noch 3 Mio. € am Tag Dividende bekommen, kann man nicht von Kaufkraftverlust sprechen, wenn diese mit der Sonderabgabe ihren Beitrag leisten, um der Allgemeinheit durch diese Krise zu helfen @ARD_BaB",,@Amira_M_Ali @ARD_BaB,,1257219455899369472,https://twitter.com/Linksfraktion/status/1257219455899369472
2020-05-02 10:34:41,AfDimBundestag,,47,39,214,"""Sportvereine wieder öffnen! Es war schon im März völlig unnötig diese komplett zu schließen. Es ist ein Skandal, dass deren Öffnung jetzt schon zum zweiten Mal nicht einmal Thema bei der ‚#Corona-Krisensitzung‘ der Kanzlerin war"", so @JoernKoenigAfD. #AfD",,@JoernKoenigAfD,#Corona #AfD,1256532556419338241,https://twitter.com/AfDimBundestag/status/1256532556419338241
2020-05-01 12:25:55,AfDimBundestag,,19,20,116,"+++#1Mai 2020 – Tag der (Kurz)Arbeit!+++ #AfD-MdB @Witt_Uwe kritisiert DGB-Chef Reiner Hoffmann, der auf die dramatischen Arbeitslosenzahlen von gestern anlässlich des heutigen #TagderArbeit mit Forderungen nach Lohnerhöhungen reagiert. #Corona ",,@Witt_Uwe,#1Mai #AfD #TagderArbeit #Corona,1256198163855224833,https://twitter.com/AfDimBundestag/status/1256198163855224833
2020-04-30 17:18:29,AfDimBundestag,,85,152,514,"+++Shutdown sofort beenden!+++ Stellungnahme des Fraktionsvorsitzenden Dr. Alexander #Gauland zu den Ergebnissen der Telefonkonferenz von Bundeskanzlerin Angela #Merkel und den Ministerpräsidenten der Länder. #Pressekonferenz #Bundestag #Corona ",,,#Gauland #Merkel #Pressekonferenz #Bundestag #Corona,1255909399891238912,https://twitter.com/AfDimBundestag/status/1255909399891238912
2020-04-30 10:21:12,AfDimBundestag,,28,58,230,"Zur Verlängerung der weltweiten #Reisewarnung bis zum 14. Juni durch die #Bundesregierung teilt der Vorsitzende der #AfD-Fraktion im Deutschen #Bundestag, Alexander #Gauland, mit: ""Verlängerung der weltweiten Reisewarnung ist überzogen!"" #COVID19 #Corona ",,,#Reisewarnung #Bundesregierung #AfD #Bundestag #Gauland #COVID19 #Corona,1255804387466842113,https://twitter.com/AfDimBundestag/status/1255804387466842113
2020-04-30 07:26:22,AfDimBundestag,,32,41,135,"#Rumänien ist Hauptursprungsland der Arbeitskräfte in der Fleischindustrie. Auf einem #Schlachthof im bawü Birkenfeld sind 200 rumänische Arbeiter positiv auf #COVIDー19-Virus getestet worden. @Witt_Uwe: ""#Corona -Made in Romania?"" #AfD #coronavirus",,@Witt_Uwe,#Rum #Schlachthof #COVID #Corona #AfD #coronavirus,1255760387892408320,https://twitter.com/AfDimBundestag/status/1255760387892408320
2020-04-29 15:13:35,Linksfraktion,,6,8,29,"12 Euro #Mindestlohn jetzt! ""Die #Corona-Pandemie und die sich dadurch verstärkende wirtschaftliche Krise dürfen nicht als Argumente dafür genutzt werden, die Lohnentwicklung zu schwächen“, erklärt @SusanneFerschl: https://www.linksfraktion.de/presse/pressemitteilungen/detail/zwoelf-euro-mindestlohn-jetzt/ #12Euro #Mindestlohn",,@SusanneFerschl,#Mindestlohn #Corona #12Euro #Mindestlohn,1255515581777883138,https://twitter.com/Linksfraktion/status/1255515581777883138
2020-04-29 07:32:33,AfDimBundestag,,2,16,57,"Medienberichten zufolge plant Arbeitsminister Heil die gesetzliche Verankerung des Rechtes auf #Homeoffice. Es soll auch über die #Corona-Zeit hinaus gelten. @Pohl_MdB: ""Generelles Recht auf Homeoffice fördert (Selbst-)Ausbeutung von Arbeitnehmern!"" #AfD https://www.afdbundestag.de/pohl-generelles-recht-auf-homeoffice-foerdert-die-selbst-ausbeutung-von-arbeitnehmern/",,@Pohl_MdB,#Homeoffice #Corona #AfD,1255399556902240256,https://twitter.com/AfDimBundestag/status/1255399556902240256
2020-04-28 14:10:00,AfDimBundestag,,179,473,1524,"„Der islamische Gebetsruf ist nicht zu vergleichen mit Glockenläuten. Der Ausruf 'Allahu Akbar' beinhaltet einen Machtanspruch. Ich bin strikt gegen die Zulassung von Gebetsrufen auch in Zeiten von #Corona"", so Volker Münz, religionspol. Sprecher der #AfD-Fraktion im #Bundestag.",,,#Corona #AfD #Bundestag,1255137190973108225,https://twitter.com/AfDimBundestag/status/1255137190973108225
2020-04-28 12:38:40,AfDimBundestag,,14,17,73,"Entwicklungsminister Müller fordert in seinem „#Corona-Sofortprogramm“ Ausweitung europ. Schutzmechanismen wie den #EU-Schutzschirm auf afrikanische Staaten, zusätzlich zu einer Erhöhung des Entwicklungsetats um über 3 Mrd €. Dazu @Frohnmaier_AfD:",,@Frohnmaier_AfD,#Corona #EU,1255114206829051904,https://twitter.com/AfDimBundestag/status/1255114206829051904
2020-04-28 11:14:20,Linksfraktion,,2,5,12,"#Positionspapier: ""Die Corona-Pandemie bedroht nicht nur die Gesundheit, sondern auch das Existenzminimum von Arbeitslosen und Menschen mit geringen Renten."" #ALGII erhöhen, #Zugang erleichtern, #Sanktionen verbieten.",,,#Positionspapier #ALGII #Zugang #Sanktionen,1255092984632299527,https://twitter.com/Linksfraktion/status/1255092984632299527
2020-04-28 09:36:24,AfDimBundestag,,52,106,347,"Nach Ansicht der #AfD-Fraktion sind die wirtschaftlichen und gesellschaftlichen Folgen des #Corona-Stillstands schon jetzt dramatisch. Wir fordern deshalb, den #Shutdown sofort zu beenden. @Alice_Weidel und Alexander #Gauland zur Sache: https://www.afdbundestag.de/weidel-gauland-afd-bundestagsfraktion-fordert-sofortige-aufhebung-des-shutdown/ #Bundestag #COVID19",,@Alice_Weidel,#AfD #Corona #Shutdown #Gauland #Bundestag #COVID19,1255068339468144640,https://twitter.com/AfDimBundestag/status/1255068339468144640
2020-04-27 15:30:00,AfDimBundestag,,20,62,145,"Wir planen eine #Corona-Dokumentation und suchen Sie und Ihre Erfahrungen. Sie sind Experte, arbeiten im Gesundheitswesen, kämpfen als Unternehmer um Ihre Existenz? Dann melden Sie sich bei uns. Wir wollen Sie vor der Kamera! Schreiben Sie uns unter vertraulich@afdbundestag.de ",,,#Corona,1254794937188511746,https://twitter.com/AfDimBundestag/status/1254794937188511746
2020-04-27 11:25:45,AfDimBundestag,,20,42,161,"Der weitgehende Einreisestopp in die #EU endet wohl Mitte Mai. Die Grenzen drohen somit wieder geöffnet zu werden. Hierzu der #AfD-Abgeordnete @DrFriesenMdB: ""Grenzen zum Schutz unserer Bevölkerung geschlossen halten, den Menschen vor Ort helfen!"" #Corona ",,@DrFriesenMdB,#EU #AfD #Corona,1254733470217179138,https://twitter.com/AfDimBundestag/status/1254733470217179138
2020-04-27 11:24:13,Linksfraktion,,2,8,33,"""Die Bundesregierung darf die #Lufthansa-Beschäftigten nicht im Regen stehen lassen"", sagt @pascalmeiser. #Corona-Unternehmenshilfen darf es nicht geben, ohne dass auch die #Arbeitsplätze, #Löhne und die #Mitbestimmung der Beschäftigten gesichert werden. https://www.linksfraktion.de/presse/pressemitteilungen/detail/keine-milliardenhilfen-fuer-lufthansa-ohne-schutz-der-beschaeftigten-und-einfluss-aufs-geschaeft/",,@pascalmeiser,#Lufthansa #Corona #Arbeitspl #L #Mitbestimmung,1254733084450308096,https://twitter.com/Linksfraktion/status/1254733084450308096
2020-04-27 10:00:56,AfDimBundestag,,108,139,212,"++Umfrage: Sind Sie für oder gegen die #Maskenpflicht?++ In fast allen Bundesländern gilt ab heute eine Maskenpflicht in Bussen, Bahnen und Geschäften. Ihre Meinung ist gefragt: Halten Sie die Pflicht einen Mund-Nasen-Schutz zu tragen für angemessen? Stimmen Sie ab! #Corona #AfD",,,#Maskenpflicht #Corona #AfD,1254712126016491520,https://twitter.com/AfDimBundestag/status/1254712126016491520
2020-04-24 13:00:24,AfDimBundestag,,8,25,122,"Friedhoff: Nein zu #Rettungsschirm und Nachtragshaushalt für Entwicklungshilfeministerium https://www.afdbundestag.de/friedhoff-nein-zu-rettungsschirm-und-nachtragshaushalt-fuer-entwicklungshilfeministerium/ #Corona #Coronakrise #Afrika",,,#Rettungsschirm #Corona #Coronakrise #Afrika,1253670126454439943,https://twitter.com/AfDimBundestag/status/1253670126454439943
2020-04-24 12:07:39,AfDimBundestag,,5,11,53,"Hampel: Medikamenten- und Lebensmittellieferungen ermöglichen! https://www.afdbundestag.de/hampel-medikamenten-und-lebensmittellieferungen-ermoeglichen/ #corona #iran #russland #kuba #sanktionen #hilfe",,,#corona #iran #russland #kuba #sanktionen #hilfe,1253656851826212864,https://twitter.com/AfDimBundestag/status/1253656851826212864
2020-04-24 07:49:01,Linksfraktion,,1,1,3,"Alexander Ulrich: Nationale Alleingänge wären nicht nur für einzelne Mitgliedsländer fatal, sondern auch für die Zukunft der gesamten EU. Deshalb brauchen wir dringend wirksame EU-Hilfen für die von der Corona-Pandemie am schlimmsten betroffenen Länder. ",,,,1253591764503494657,https://twitter.com/Linksfraktion/status/1253591764503494657
2020-04-24 07:42:54,AfDimBundestag,,34,62,236,"Der gesundheitspolitische Sprecher der #AfD-Fraktion, Detlev Spangenberg, stellt fest: „Es darf in der Corona-Krise keine Einschränkungen der Grundrechte durch die Hintertür geben!“ #coronavirusdeutschland",,,#AfD #coronavirusdeutschland,1253590225084874752,https://twitter.com/AfDimBundestag/status/1253590225084874752
2020-04-23 15:29:51,Linksfraktion,,2,4,22,"André Hahn: Im Namen des Infektionsschutzes sind Grund- und Freiheitsrechte massiv eingeschränkt. Der Zweck, die Pandemie einzudämmen, ist legitim. Wir müssen aber dafür sorgen, dass aus der Corona-Krise nicht auch noch eine Krise der Demokratie entsteht. ",,,,1253345345435811845,https://twitter.com/Linksfraktion/status/1253345345435811845
2020-04-23 15:28:24,AfDimBundestag,,8,18,85,"#AfD-MdB @KayGottschalk1 stellt in der Debatte zum Schutz für Kommunen in der #Corona-Krise klar: ""Gemeinden und Städte müssen jetzt in der Krise unterstützt werden, bevor wir Milliarden nach Brüssel schicken."" #Bundestag",,@KayGottschalk1,#AfD #Corona #Bundestag,1253344982540443648,https://twitter.com/AfDimBundestag/status/1253344982540443648
2020-04-23 11:16:08,AfDimBundestag,,1,8,37,"Gesundheitsminister @jensspahn möchte ein digitales Update, um die Gesundheitsämter in die 2020er Jahre zu bringen. Dazu erklärt die digitalpol. Sprecherin der #AfD-Fraktion, @JoanaCotar: ""#Corona digital bekämpfen – AfD-Fraktion bringt Anträge ein!"" ",,@jensspahn @JoanaCotar,#AfD #Corona,1253281496372334593,https://twitter.com/AfDimBundestag/status/1253281496372334593
2020-04-23 11:13:35,AfDimBundestag,,6,22,89,"Hinsichtlich der massiven Einschränkungen durch die #Corona-Maßnahmen äußert sich der wirtschafts-&amp;energiepol. Sprecher @SteffenKotre: ""Wiedereinstieg in alle wirtschaftlichen Betätigungen &amp; vollumfängliche Wiederherstellung der Bürgerrechte: jetzt!"" #AfD",,@SteffenKotre,#Corona #AfD,1253280857735016450,https://twitter.com/AfDimBundestag/status/1253280857735016450
2020-04-23 10:45:58,AfDimBundestag,,4,14,47,"Die #AfD Abgeordneten Detlev Spangenberg und @DrRobbySchlund fragten Gesundheitsminister @jensspahn, warum die #Regierung #Corona verschlafen hat: ""#Bundesregierung hat sich in der #Coronakrise durch Ignoranz in den „#LockDown“ treiben lassen!"" #Bundestag",,@DrRobbySchlund @jensspahn,#AfD #Regierung #Corona #Bundesregierung #Coronakrise #LockDown #Bundestag,1253273905105682432,https://twitter.com/AfDimBundestag/status/1253273905105682432
2020-04-23 10:17:58,AfDimBundestag,,48,84,339,"In der Debatte um eine Öffnungsstrategie stellt @Tino_Chrupalla, stellv. Vorsitzender der #AfD-Fraktion, klar: ""Der Shutdown kostet die Bürger jede Woche 42 Milliarden Euro! Der wirtschaftliche Schaden darf nicht noch weiter vergrößert werden."" #Corona #Bundestag",,@Tino_Chrupalla,#AfD #Corona #Bundestag,1253266858960175105,https://twitter.com/AfDimBundestag/status/1253266858960175105
2020-04-23 09:59:58,AfDimBundestag,,5,4,34,"Stellungnahme der #AfD-Fraktion mit @SteffenKotre, @Witt_Uwe &amp; @GtzFrmming zu #Corona-Beschlüssen d. Koalitionsausschusses im #Bundestag: ""Staffelung des #Kurzarbeitergeld|s ist falsch. Höherer Bezug muss von Anfang an gegeben sein!"" https://www.afdbundestag.de/stellungnahme-der-afd-fraktion-zu-den-corona-beschluessen-des-koalitionsausschusses/ #Regierungserklärung",,@SteffenKotre @Witt_Uwe @GtzFrmming,#AfD #Corona #Bundestag #Kurzarbeitergeld #Regierungserkl,1253262331393519617,https://twitter.com/AfDimBundestag/status/1253262331393519617
2020-04-23 08:35:35,AfDimBundestag,,6,31,97,"Die #Regierung setzt in Sachen #CoronaApp auf das PEPP-PT-Konzept und damit auf den zentralen Ansatz. Dazu die Digitalpolit. Sprecherin @JoanaCotar: ""Die #AfD-Fraktion rät von der Installation und Verwendung ab!"" #Bundestag #Corona #CoronaVirusDE #COVID19",,@JoanaCotar,#Regierung #CoronaApp #AfD #Bundestag #Corona #CoronaVirusDE #COVID19,1253241094348984321,https://twitter.com/AfDimBundestag/status/1253241094348984321
2020-04-22 18:42:09,AfDimBundestag,,3,4,46,"An Stelle von Studentendarlehen spricht sich unser Bildungspolitischer Sprecher Dr. Götz Frömming @GtzFrmming für eine ""gezielte und begrenzte Krisenhilfe"" aus. #AfD #Corona #Krise",,@GtzFrmming,#AfD #Corona #Krise,1253031353467232260,https://twitter.com/AfDimBundestag/status/1253031353467232260
2020-04-22 16:24:28,AfDimBundestag,,11,22,72,"In der Debatte zur Hilfe für Veranstalter, Kultur und Medien stellt #AfD-MdB @Marc_Jongen fest: ""Frühe Warnungen der #AfD-Fraktion wurden im Plenum verlacht. Die Regierung reagierte in der Anfangsphase der Pandemie nachlässig."" #Corona #Bundestag ",,@Marc_Jongen,#AfD #AfD #Corona #Bundestag,1252996705940918272,https://twitter.com/AfDimBundestag/status/1252996705940918272
2020-04-22 15:46:47,Linksfraktion,,0,6,10,".@Katrin_Werner: #Corona-#Elterngeld einführen - Eltern in der Krise entlasten - https://www.youtube.com/watch?v=295jXmitLwQ #Familien",,@Katrin_Werner,#Corona #Elterngeld #Familien,1252987222812491779,https://twitter.com/Linksfraktion/status/1252987222812491779
2020-04-22 12:55:46,AfDimBundestag,,3,6,43,"Kanalsteurer steuern #Schiffe durch den Nord-Ostsee-Kanal. Von ihrer Heuer zahlen sie auch #Sozialabgaben, aber #Kurzarbeitergeld wurde ihnen noch nie genehmigt. Dazu @mrosek1958: ""Erstmalig dürfen #Kanalsteurer Kurzarbeitergeld beantragen!"" #AfD #Corona https://www.afdbundestag.de/mrosek-erstmalig-duerfen-kanalsteurer-kurzarbeitergeld-beantragen/?fbclid=IwAR2PlN7oSFp4Mm_na6O0y7PTGUdr_S2gj9nS82Pn0FkzFiZu3hbNqHg0Qyc",,@mrosek1958,#Schiffe #Sozialabgaben #Kurzarbeitergeld #Kanalsteurer #AfD #Corona,1252944181959577600,https://twitter.com/AfDimBundestag/status/1252944181959577600
2020-04-22 12:08:46,Linksfraktion,,3,4,26,". @SevimDagdelen fordert: AKK-Atombomberprogramm stoppen! »Aufrüstungsprojekte der Bundeswehr müssen nicht zuletzt mit Blick auf die unabsehbaren Folgekosten der Corona-Krise sofort gestoppt werden.« ",,@SevimDagdelen,,1252932355255386114,https://twitter.com/Linksfraktion/status/1252932355255386114
2020-04-22 12:07:40,Linksfraktion,,9,0,5,"Muslimische Gemeinden in der Corona-Krise unterstützen, fordert @ch_buchholz »Gemeinden geraten durch #CoronaKrise unter Druck. Gerade weil muslimische Religionsgemeinschaften nicht im gleichen Maße anerkannt sind wie andere Religionsgemeinschaften.«",,@ch_buchholz,#CoronaKrise,1252932078393589761,https://twitter.com/Linksfraktion/status/1252932078393589761
2020-04-22 10:49:31,Linksfraktion,,0,1,8,"Globale Corona-Krise solidarisch bewältigen, fordert @HESommer »DIE LINKE fordert zusätzliche Sofortmittel in Höhe von drei Milliarden Euro für ein krisenbedingtes Verstärkungsprogramm, das aus Mitteln des Nachtragshaushalts finanziert werden kann.«",,@HESommer,,1252912411952254976,https://twitter.com/Linksfraktion/status/1252912411952254976
2020-04-22 10:41:57,AfDimBundestag,,15,41,107,"Wir planen eine #Corona-Dokumentation und suchen Sie und Ihre Erfahrungen. Sie sind Experte, arbeiten im Gesundheitswesen, kämpfen als Unternehmer um Ihre Existenz? Dann melden Sie sich bei uns. Wir wollen Sie vor der Kamera! Schreiben Sie uns unter vertraulich@afdbundestag.de ",,,#Corona,1252910506471575552,https://twitter.com/AfDimBundestag/status/1252910506471575552
2020-04-22 09:16:13,AfDimBundestag,,36,31,151,"Die #AfD-Fraktion im #Bundestag fordert Landes- &amp; #Bundesregierung auf, die #Sportvereine in #Deutschland wieder zu öffnen. Selbstverständlich müssen Kontakt- und Abstandsregeln eingehalten werden. Dazu Jörn König: ""Sportvereine öffnen!"" #AfD #corona ",,,#AfD #Bundestag #Bundesregierung #Sportvereine #Deutschland #AfD #corona,1252888931991015424,https://twitter.com/AfDimBundestag/status/1252888931991015424
2020-04-22 08:39:39,AfDimBundestag,,3,12,58,"Die Landwirtschaftliche Rentenbank bietet Darlehen für Unternehmen aus der #Landwirtschaft an, die unter den Folgen der #Corona-Pandemie leiden. Der Bund bürgt mit bis zu 90% der Summe. Dazu @AfDProtschka: ""Steuerrückzahlungen statt neue Kredite!"" #AfD",,@AfDProtschka,#Landwirtschaft #Corona #AfD,1252879730056892417,https://twitter.com/AfDimBundestag/status/1252879730056892417
2020-04-22 07:34:02,Linksfraktion,,16,55,177,".@SevimDagdelen: Corona führt den Aufrüstungswahnsinn der vergangenen Jahre deutlich vor Augen: Das neoliberale Kürzungsdiktat im Gesundheitswesen kostet weltweit Tausenden das Leben, während Rüstungskonzerne die Champagnerkorken knallen lassen können https://www.linksfraktion.de/themen/nachrichten/detail/krankenhaeuser-statt-kampfjets/ @akk",,@SevimDagdelen @akk,,1252863215970611205,https://twitter.com/Linksfraktion/status/1252863215970611205
2020-04-21 18:08:01,AfDimBundestag,,198,350,1123,"Jetzt weitreichendere #Corona-Lockerungen! Die Corona-Einschränkungen durch die Bundesregierung kostet die deutsche Wirtschaft ca. 30 Milliarden Euro pro Woche und sind nach neuesten Zahlen des RKI nicht mehr zu rechtfertigen. @Alice_Weidel @S_Muenzenmaier @PeterBoehringer #AfD",,@Alice_Weidel @S_Muenzenmaier @PeterBoehringer,#Corona #AfD,1252660376019312641,https://twitter.com/AfDimBundestag/status/1252660376019312641
2020-04-21 15:22:48,Linksfraktion,,0,4,6,". @AchimKesslerMdB: »Zweites Corona-Gesetzespaket: Wettbewerb ist zur Steuerung der Versorgung grundsätzlich nicht geeignet.« ",,@AchimKesslerMdB,,1252618795681808385,https://twitter.com/Linksfraktion/status/1252618795681808385
2020-04-21 15:00:57,AfDimBundestag,,13,35,151,"Zu den #EU-gesteuerten Corona-Hilfen erklärt #AfD-MdB Peter: ""Die EU will wieder mal mit deutschem Geld, ihre Existenzberechtigung zurückkaufen, die sie längst verloren hat!"" #Corona #Covid19",,,#EU #AfD #Corona #Covid19,1252613300183064577,https://twitter.com/AfDimBundestag/status/1252613300183064577
2020-04-20 12:21:02,AfDimBundestag,,14,68,164,"Die #AfD-Fraktion wollte wissen, wie es um den aktuellen Zustand von Bundesreserve Getreide &amp; ziviler Notfallreserve bestellt ist. Dazu @AfDProtschka: ""#Bundesregierung verschläft Gesamtkonzept zur Ernährungsnotfallvorsorge seit fast 10 Jahren!"" #Corona ",,@AfDProtschka,#AfD #Bundesregierung #Corona,1252210665793761280,https://twitter.com/AfDimBundestag/status/1252210665793761280
2020-04-17 15:44:48,AfDimBundestag,,12,11,52,"Zu den angekündigten #Lockerungen im Handel im Zusammenhang mit der #Coronakrise, die die #Bundesregierung in Absprache mit den Ländern bekannt gegeben hat, äußert sich #AfD-MdB @Thomas_Ehrhorn: ""#Corona-Lockerungen müssen unbedingt flankiert werden!"" ",,@Thomas_Ehrhorn,#Lockerungen #Coronakrise #Bundesregierung #AfD #Corona,1251174783577882624,https://twitter.com/AfDimBundestag/status/1251174783577882624
2020-04-17 12:31:16,AfDimBundestag,,12,29,132,"Trotz eines #Corona-Hilfspakets der #EU von 500 Mrd Euro verstummen die Forderungen nach #EuroBonds aus Athen und Rom nicht. Dazu @KayGottschalk1: ""Aus der einstigen Wirtschaftsunion ist eine Haftungs- und #Schuldenunion geworden!"" #AfD #CoronaBond",,@KayGottschalk1,#Corona #EU #EuroBonds #Schuldenunion #AfD #CoronaBond,1251126078472695809,https://twitter.com/AfDimBundestag/status/1251126078472695809
2020-04-17 10:48:01,Linksfraktion,,7,12,34,".@AchimKesslerMdB: Dass Gesundheitsminister #Spahn in seiner ersten Zwischenbilanz zu den #Corona-Maßnahmen selbstbewusst behauptet, unser #Gesundheitssystem sei zu keiner Zeit überfordert gewesen und insgesamt in guter Verfassung, ist Schönfärberei.",,@AchimKesslerMdB,#Spahn #Corona #Gesundheitssystem,1251100095086542848,https://twitter.com/Linksfraktion/status/1251100095086542848
2020-04-17 08:45:01,Linksfraktion,,0,2,5,"André Hahn: #LINKE fordert Sportausschuss-Sitzung am 22. April zur #Corona-Pandemie - http://gleft.de/3Ig #Sport #Bundestag",,,#LINKE #Corona #Sport #Bundestag,1251069142192529409,https://twitter.com/Linksfraktion/status/1251069142192529409
2020-04-17 08:43:35,Linksfraktion,,0,2,8,".@HeikeHaensel: Die von Heiko #Maas mitbegründete ‚Allianz für #Multilateralismus’ kann zur globalen #Corona-Pandemie bisher wenig beitragen. #Deutschland und #Frankreich zeigen in dieser Krise, dass es nur für eine ‚Allianz der Lippenbekenntnisse’ reicht",,@HeikeHaensel,#Maas #Multilateralismus #Corona #Deutschland #Frankreich,1251068779234299904,https://twitter.com/Linksfraktion/status/1251068779234299904
2020-04-17 07:38:45,AfDimBundestag,,5,22,72,"Die #AfD-Fraktion mit ihren Abgeordneten @S_Muenzenmaier, @GtzFrmming, @SteffenKotre, Volker Münz und Detlev Spangenberg nehmen Stellung zu den von Bund und Ländern beschlossenen #Corona-Maßnahmen. #Covid_19 #Bundestag #Lockerungen",,@S_Muenzenmaier @GtzFrmming @SteffenKotre,#AfD #Corona #Covid_19 #Bundestag #Lockerungen,1251052462141845505,https://twitter.com/AfDimBundestag/status/1251052462141845505
2020-04-16 16:16:22,AfDimBundestag,,2,15,56,"Die #AfD-Fraktion im Deutschen #Bundestag äußert sich zu den jüngst beschlossenen #Corona-Maßnahmen: https://www.afdbundestag.de/afd-bundestagsfraktion-zu-den-corona-massnahmen/ #COVID19deutschland",,,#AfD #Bundestag #Corona #COVID19deutschland,1250820337610129412,https://twitter.com/AfDimBundestag/status/1250820337610129412
2020-04-16 09:36:17,AfDimBundestag,,15,33,160,"US-Präsident #Trump stoppt die #WHO Finanzierung, um ihre Rolle im Zusammenhang mit dem #Corona-Ausbruch in #China und weltweit zu untersuchen. Dazu @DrFriesenMdB: ""Trump hat Recht: Rolle der Weltgesundheitsorganisation sollte aufgeklärt werden!"" #AfD https://www.afdbundestag.de/friesen-trump-hat-recht-rolle-der-weltgesundheitsorganisation-beim-ausbruch-des-corona-virus-sollte-aufgeklaert-werden/",,@DrFriesenMdB,#Trump #WHO #Corona #China #AfD,1250719653212622851,https://twitter.com/AfDimBundestag/status/1250719653212622851
2020-04-16 08:05:41,AfDimBundestag,,52,92,326,"US-Präsident #Trump hat die US-Finanzierung der #WHO aufgrund „schwerwiegender Fehler“ in der #CoronaKrise ausgesetzt. @PetrBystronAfD kommentiert: ""Das Versagen der WHO ist auch das Versagen der #Bundesregierung"" #AfD #COVID19deutschland #COVID19 #Corona ",,@PetrBystronAfD,#Trump #WHO #CoronaKrise #Bundesregierung #AfD #COVID19deutschland #COVID19 #Corona,1250696854733500417,https://twitter.com/AfDimBundestag/status/1250696854733500417
2020-04-16 08:03:14,AfDimBundestag,,39,55,227,"Zu den beschlossenen #Corona-Maßnahmen erklären der #AfD-Fraktionsvorsitzende im Deutschen #Bundestag Alexander #Gauland und Detlev Spangenberg: ""Es entspricht den Forderungen unseres Zehn-Punkte-Plans, dass eine allmähliche Lockerung stattfinden soll.""",,,#Corona #AfD #Bundestag #Gauland,1250696235549429760,https://twitter.com/AfDimBundestag/status/1250696235549429760
2020-04-15 16:45:05,AfDimBundestag,,61,132,431,"+++ #Corona-Maßnahmen lockern! +++ Stellungnahme des Fraktionsvorsitzenden Dr. Alexander Gauland, des gesundheitspolitischen Sprechers Detlev Spangenberg &amp; des bildungspolitischen Sprechers Götz Frömming @GtzFrmming zu den heute beschlossenen Corona-Maßnahmen der Regierung. #AfD",,@GtzFrmming,#Corona #AfD,1250465177117560832,https://twitter.com/AfDimBundestag/status/1250465177117560832
2020-04-15 11:53:57,Linksfraktion,,1,6,15,"»Einstellung der Beitragszahlungen der US-Regierung unter @realDonaldTrump an die Weltgesundheitsorganisation WHO ist ein schwerer Schlag für die internationalen Bemühungen, die Corona-Pandemie unter Kontrolle zu bringen«, so @HeikeHaensel",,@realDonaldTrump @HeikeHaensel,,1250391912105869315,https://twitter.com/Linksfraktion/status/1250391912105869315
2020-04-12 13:56:26,Linksfraktion,,11,17,68,".@SWagenknecht fordert vom Corona-Kabinett ein Konzept für den schrittweisen Exit und eine Strategie zur Kontrolle des Virus gegen eine erneute Verschlimmerung der Pandemie. Ohne beides kann keine öffentliche Debatte &amp; Bewertung der Maßnahmen stattfinden http://gleft.de/3Hw",,@SWagenknecht,,1249335569764802561,https://twitter.com/Linksfraktion/status/1249335569764802561
2020-04-12 07:00:00,AfDimBundestag,,32,82,488,"In diesen Zeiten der #Corona-Krise ist es nicht einfach, ein fröhliches #Osterfest zu feiern. Wir als AfD-Fraktion im Deutschen Bundestag wünschen Ihnen dennoch besinnliche und frohe Ostern. Bleiben Sie gesund! #ostern2020",,,#Corona #Osterfest #ostern2020,1249230771648413696,https://twitter.com/AfDimBundestag/status/1249230771648413696
2020-04-11 07:25:05,Linksfraktion,,3,66,108,"Julian Assange gehört zur Corona-Risikogruppe &amp; befindet sich nach einem Jahr Isolationshaft in Lebensgefahr. @SevimDagdelen: Bis heute wurde keiner zur Verantwortung gezogen, die das Kriegsverbrechen begingen, das @wikileaks publik machte https://www.linksfraktion.de/themen/nachrichten/detail/corona-risikogruppe-julian-assange-aus-der-haft-entlassen/ #FreeAssange",,@SevimDagdelen @wikileaks,#FreeAssange,1248874699217567744,https://twitter.com/Linksfraktion/status/1248874699217567744
2020-04-09 11:58:20,AfDimBundestag,,38,145,525,"Das BAMF stellt auf unbestimmte Zeit wegen der #Corona-Krise keine Ablehnungsbescheide an Asylbewerber mehr aus. Für @GottfriedCurio, innenpol. Sprecher der #AfD-Fraktion, ein Skandal: ""Der Rechtsstaat darf nicht in Corona-Quarantäne geschickt werden!"" ",,@GottfriedCurio,#Corona #AfD,1248218687020154881,https://twitter.com/AfDimBundestag/status/1248218687020154881
2020-04-09 10:22:01,AfDimBundestag,,124,290,1042,"Zur Debatte um die sogenannten #Corona-Bonds erklären die Vorsitzenden der #AfD-Fraktion im #Bundestag, @Alice_Weidel und Alexander #Gauland: ""Corona-Bonds sind keine Solidarität, sondern Betrug am Steuerzahler!"" https://www.afdbundestag.de/weidel-gauland-corona-bonds-sind-keine-solidaritaet-sondern-betrug-am-steuerzahler/",,@Alice_Weidel,#Corona #AfD #Bundestag #Gauland,1248194447587840001,https://twitter.com/AfDimBundestag/status/1248194447587840001
2020-04-09 08:00:00,AfDimBundestag,,16,58,174,"Die #Corona-Krise macht deutlich, wenn es hart auf hart kommt, dann zeigt sich wie wichtig der Nationalstaat ist. @PeterBoehringer fordert in der aktuellen Situation die schrittweise Wiederaufnahme wirtschaftlicher Aktivitäten, ansonsten wird dieses Land massiv verarmen!",,@PeterBoehringer,#Corona,1248158708728598528,https://twitter.com/AfDimBundestag/status/1248158708728598528
2020-04-08 15:43:03,Linksfraktion,,2,7,17,"""Das Mindeste, aber insgesamt viel zu wenig."" Das sagt @NicoleGohlke über das heute vom Kabinett beschlossene Paket von Bildungsministerin #Karliczek (CDU). Es soll die Folgen der #Corona-Pandemie für angehende Wissenschaftler und #Studierende abgemildern. http://gleft.de/3GT",,@NicoleGohlke,#Karliczek #Corona #Studierende,1247912851303514113,https://twitter.com/Linksfraktion/status/1247912851303514113
2020-04-08 14:04:47,AfDimBundestag,,28,27,124,"Die #Corona-Krise hat unser Land weiter fest im Griff. Wir als #AfD-Fraktion im Deutschen #Bundestag haben eine Reihe von Anträgen zur Verbesserung der Lage eingebracht. Stephan @AfDProtschka, landwirtschaftspol. Sprecher, fordert mehr Anreize für inländische Erntehelfer.",,@AfDProtschka,#Corona #AfD #Bundestag,1247888122001547275,https://twitter.com/AfDimBundestag/status/1247888122001547275
2020-04-08 13:15:45,AfDimBundestag,,40,60,282,"""Den christlichen Gemeinden muss es möglich sein – mit entsprechenden Schutzmaßnahmen – das Osterfest 2020 in den Kirchen öffentlich zu feiern"", so @Beatrix_vStorch, stellv. Vorsitzende der #AfD-Fraktion. #Corona #Ostern",,@Beatrix_vStorch,#AfD #Corona #Ostern,1247875780710989825,https://twitter.com/AfDimBundestag/status/1247875780710989825
2020-04-08 11:44:54,AfDimBundestag,,13,42,196,"#AfD-MdB @SteffenKotre zu weiterem Schutzschirm für den Mittelstand: ""Die Bundesregierung vergisst erneut die sogenannten ‚kleinen Leute‘. Wir fordern, die Mehrwertsteuer endlich spürbar zu senken und Solidaritätszuschlag und GEZ abzuschaffen."" #Corona ",,@SteffenKotre,#AfD #Corona,1247852917375275010,https://twitter.com/AfDimBundestag/status/1247852917375275010
2020-04-08 08:00:00,AfDimBundestag,,35,94,319,"Die #Corona-Krise hat unser Land weiter fest im Griff. Wir als #AfD-Fraktion im #Bundestag haben eine Reihe von Anträgen zur Verbesserung der Lage eingebracht. @SteffenKotre, wirtschaftspol. Sprecher, stellt klar: ""Wirtschaft entlasten! Weg mit den teuren grünen Klimamaßnahmen!""",,@SteffenKotre,#Corona #AfD #Bundestag,1247796321051799553,https://twitter.com/AfDimBundestag/status/1247796321051799553
2020-04-07 18:28:30,AfDimBundestag,,38,89,225,"Alexander #Gauland, @BerndBaumannAfD, Sebastian @S_Muenzenmaier und @Rene_Springer zum weiteren Vorgehen in der #Corona-Krise! #AfD #COVID19 #coronavirus Das Pressestatement finden Sie hier: https://www.youtube.com/watch?v=XD6BMiu0ToA&amp;feature=youtu.be",,@BerndBaumannAfD @S_Muenzenmaier @Rene_Springer,#Gauland #Corona #AfD #COVID19 #coronavirus,1247592099006091266,https://twitter.com/AfDimBundestag/status/1247592099006091266
2020-04-07 14:23:58,Linksfraktion,,6,4,17,"Die Folgen der #Corona-Pandemie in Deutschland stürzen viele #Kommunen in existenzielle Krisen und verschärfen bestehende Probleme bei den Kommunalfinanzen. In dieser Situation dürfe sich der Bund nicht aus der Verantwortung stehlen, sagt Kerstin Kassner. http://gleft.de/3GI",,,#Corona #Kommunen,1247530562278981633,https://twitter.com/Linksfraktion/status/1247530562278981633
2020-04-07 14:19:30,AfDimBundestag,,65,65,266,"""Österreichs Fahrplan aus der #Corona-Krise ist ein Schritt in die richtige Richtung. Die Bundesregierung darf die Bürger nicht länger mit der Ungewissheit über die Zukunft alleine lassen"", so #AfD-Fraktionsvorsitzender Alexander #Gauland. #COVID19 https://www.afdbundestag.de/gauland-oesterreichs-fahrplan-aus-der-corona-krise-ist-ein-schritt-in-die-richtige-richtung/",,,#Corona #AfD #Gauland #COVID19,1247529438742339585,https://twitter.com/AfDimBundestag/status/1247529438742339585
2020-04-07 12:38:28,AfDimBundestag,,33,47,241,"Kunden sollen Gutscheine statt einer sofortigen Rückzahlung bekommen, wenn ihnen wegen der #Corona-Krise Reisen oder andere Veranstaltungen abgesagt wurden. #AfD-MdB Stephan @StBrandner fordert Verbraucher nicht mit Reisegutscheinen abzuspeisen! #COVID19",,@StBrandner,#Corona #AfD #COVID19,1247504010208256000,https://twitter.com/AfDimBundestag/status/1247504010208256000
2020-04-07 11:51:57,AfDimBundestag,,16,38,130,"Um stärker aus der #Corona-Krise herauszukommen fordert #AfD-MdB @MarcBernhardAfD Mensch, Umwelt und Wirtschaft wieder in ein gesundes und nachhaltiges Gleichgewicht zu bringen! Lockerungen der europäischen #CO2-Vorgaben sind dafür unumgänglich. #Covid_19",,@MarcBernhardAfD,#Corona #AfD #CO2 #Covid_19,1247492306820882432,https://twitter.com/AfDimBundestag/status/1247492306820882432
2020-04-07 11:20:13,AfDimBundestag,,13,41,146,"+++#Soli abschaffen, Freiheitsrechte schützen!+++ Die #Corona-Krise hat unser Land weiter fest im Griff. Wir als #AfD-Fraktion haben eine Reihe von Anträgen zur Verbesserung der Lage eingebracht. AfD-MdB @StefanKeuterAfD fordert die sofortige Abschaffung des Solis. #Covid_19",,@StefanKeuterAfD,#Soli #Corona #AfD #Covid_19,1247484320182341632,https://twitter.com/AfDimBundestag/status/1247484320182341632
2020-04-07 10:49:01,Linksfraktion,,8,14,39,"Viele Mieter*innen waren in den vergangenen Jahren die großen Verlierer am deutschen #Wohnungsmarkt. Die #Mieten stiegen, Verdrängung nahm zu. @CarenLay will verhindern, dass die #Corona-Krise die Mietenkrise verschärft. http://gleft.de/3GE",,@CarenLay,#Wohnungsmarkt #Mieten #Corona,1247476468684382208,https://twitter.com/Linksfraktion/status/1247476468684382208
2020-04-06 14:26:54,AfDimBundestag,,8,11,64,"Im Gegensatz zu Krankenhäusern und Senioreneinrichtungen gibt es seitens der Regierung in der #Corona-Krise immer noch keinen Rettungsschirm für Menschen mit Behinderung. @Witt_Uwe, behindertenpol. Sprecher der #AfD-Fraktion, mahnt zu schnellem Handeln.",,@Witt_Uwe,#Corona #AfD,1247168911776403456,https://twitter.com/AfDimBundestag/status/1247168911776403456
2020-04-06 14:23:29,AfDimBundestag,,14,17,86,".@Leif_Erik_Holm, Stv. Vorsitzender der #AfD-Fraktion im Bundestag, macht sich angesichts der steigenden Zahl genesener Patienten für die Schaffung eines nationalen #Corona-Immunitätsregisters stark. #Covid_19",,@Leif_Erik_Holm,#AfD #Corona #Covid_19,1247168052766158849,https://twitter.com/AfDimBundestag/status/1247168052766158849
2020-04-06 10:24:11,Linksfraktion,,0,21,50,"#Bundesregierung will neue Regeln für Konzern-Offenlegungspflichten nicht bei EU-Ratspräsidentschaft behandeln. @FabioDeMasi: Kann nicht sein, dass die Allgemeinheit Konzerne durch den Corona-Schock bringt und danach die Steuertricks weitergehen @ndaktuell https://www.neues-deutschland.de/artikel/1135169.altmaier-ist-gegen-steuertransparenz.html?sstr=fabio|masi",,@FabioDeMasi @ndaktuell,#Bundesregierung,1247107829267300352,https://twitter.com/Linksfraktion/status/1247107829267300352
2020-04-06 09:55:52,AfDimBundestag,,35,76,279,"++Bundesfreiwilligendienst: Einsatz für Familien und Rentner statt für Migranten!++ In der #Corona-Krise haben wir als #AfD-Fraktion viele Vorschläge zur Verbesserung der Lage eingebracht. Familienpolitiker Martin @M_Reichardt_AfD stellt die ersten beiden Anträge vor. #Covid_19",,@M_Reichardt_AfD,#Corona #AfD #Covid_19,1247100702389911552,https://twitter.com/AfDimBundestag/status/1247100702389911552
2020-04-06 07:32:21,AfDimBundestag,,18,64,218,"#Corona-Gesetz der Regierung verfassungswidrig? – Vorschlag der #AfD-Fraktion wurde nicht berücksichtigt! Roman Reusch zu den verfassungsrechtlichen Bedenken des wissenschaftl. Dienstes des Bundestags im Zusammenhang mit dem neuen Infektionsschutzgesetz.",,,#Corona #AfD,1247064588916592646,https://twitter.com/AfDimBundestag/status/1247064588916592646
2020-04-03 14:44:46,AfDimBundestag,,7,9,54,"Der wirtschafts- und energiepolitische Sprecher der #AfD-Fraktion, @SteffenKotre, fordert eine hundertprozentige Haftungsfreistellung für #Corona-Unterstützungskredite der #KfW: https://www.afdbundestag.de/kotre-hundertprozentige-haftungsfreistellung-fuer-corona-unterstuetzungskredite-der-kfw/ #COVID2019 #COVID19",,@SteffenKotre,#AfD #Corona #KfW #COVID2019 #COVID19,1246086245857595400,https://twitter.com/AfDimBundestag/status/1246086245857595400
2020-04-03 11:22:08,AfDimBundestag,,17,31,109,"Die #EU und #Bundesregierung planen offenbar eigene #Corona-Krisenprogramme. Der ESM soll einzelnen Mitgliedsstaaten Kreditlinien einräumen. Dazu @PeterBoehringer: ""EU-gesteuerte #Corona-Programme sind unbillig und illegal!"" #AfD #Bundestag #CoronaZeit",,@PeterBoehringer,#EU #Bundesregierung #Corona #Corona #AfD #Bundestag #CoronaZeit,1246035250838462464,https://twitter.com/AfDimBundestag/status/1246035250838462464
2020-04-03 07:16:33,AfDimBundestag,,15,24,111,"In einem offenen Brief fordern Künstler & Wissenschaftler die #Bundesregierung „mit Nachdruck“ auf, „#Corona-Bonds“ auf dem #EU-Gipfel zu ermöglichen. Dazu der Kulturpol. Sprecher Dr. @Marc_Jongen: ""Diese Forderung ist verantwortungslos!"" #Coronazeit #AfD",,@Marc_Jongen,#Bundesregierung #Corona #EU #Coronazeit #AfD,1245973448096129025,https://twitter.com/AfDimBundestag/status/1245973448096129025
2020-04-02 15:00:34,Linksfraktion,,3,3,8,"Die Weitergabe von Gesundheitsdaten Corona-Infizierter an die Polizei sei nicht rechtmäßig, kritisiert @UllaJelpke die in Mecklenburg-Vorpommern &amp; Baden-Württemberg diskutierte und auch schon praktizierte Maßnahme. Statt Schutz bedeute das Stigmatisierung:",,@UllaJelpke,,1245727833898582017,https://twitter.com/Linksfraktion/status/1245727833898582017
2020-04-01 13:58:19,Linksfraktion,,2,5,17,"#Corona-Impfstoffe &amp; -Medikamente sollten allen zugänglich sein, findet @SylviaGabelmann – erst recht, wenn die Entwicklung mit öffentlichen Geldern finanziert wurde. Die #Coronakrise ist global, ihre Bekämpfung erfordert internationale #Solidarität.",,@SylviaGabelmann,#Corona #Coronakrise #Solidarit,1245349780177530881,https://twitter.com/Linksfraktion/status/1245349780177530881
2020-04-01 12:43:22,Linksfraktion,,3,5,15,"#Geflüchtete sind in der #COVID19-Pandemie besonders gefährdet – nicht nur in den EU-Hotspots, sondern auch in Deutschland. @UllaJelpke &amp; @AkbulutGokay erklären, was die Bundesregierung tun muss, um Geflüchtete besser zu schützen. #NoOneLeftBehind #Corona ",,@UllaJelpke @AkbulutGokay,#Gefl #COVID19 #NoOneLeftBehind #Corona,1245330917041807360,https://twitter.com/Linksfraktion/status/1245330917041807360
2020-03-31 11:13:01,Linksfraktion,,1,20,49,"Die #Arbeitsmarktzahlen spiegeln noch nicht die Folgen der #Corona-Krise wider. ""Sie trifft den #Arbeitsmarkt mit voller Wucht und die bestehenden Sicherungssysteme sind völlig unzureichend"", sagt Sabine Zimmermann. #BuReg muss handeln - http://gleft.de/3Fg",,,#Arbeitsmarktzahlen #Corona #Arbeitsmarkt #BuReg,1244945793427165184,https://twitter.com/Linksfraktion/status/1244945793427165184
2020-03-30 09:29:36,AfDimBundestag,,14,17,91,"Der entwicklungspolitische Sprecher der #AfD-Fraktion, @Frohnmaier_AfD, fordert: „Angesichts der #Corona-Krise muss am Entwicklungsetat 2021 gespart werden!“ https://www.afdbundestag.de/frohnmaier-angesichts-der-corona-krise-muss-am-entwicklungsetat-2021-gespart-werden/ #CoronaLockdown",,@Frohnmaier_AfD,#AfD #Corona #CoronaLockdown,1244557380412727296,https://twitter.com/AfDimBundestag/status/1244557380412727296
2020-03-30 09:03:45,AfDimBundestag,,104,37,188,"#AfD-MdB @Thomas_Ehrhorn fordert Gesundheitsprüfungen statt Einreisestopp für Erntehelfer! Die Bundesregierung tut zu wenig, um unsere Landwirte, die die Versorgung der Bevölkerung sichern sollen, in der #Coronakrise zu unterstützen. #Corona #Covid_19",,@Thomas_Ehrhorn,#AfD #Coronakrise #Corona #Covid_19,1244550874669735936,https://twitter.com/AfDimBundestag/status/1244550874669735936
2020-03-30 06:38:48,AfDimBundestag,,29,156,506,"Der Justiziar der #AfD-Fraktion, @StBrandner, zum #Adidas Mietboykott: „Gesetzgebung zu #Corona offenbart Schwächen, weil Vorschläge der #AfD nicht berücksichtigt wurden!“ #coronalockdown #covid19",,@StBrandner,#AfD #Adidas #Corona #AfD #coronalockdown #covid19,1244514393804726273,https://twitter.com/AfDimBundestag/status/1244514393804726273
2020-03-28 14:35:29,AfDimBundestag,,69,215,662,"+++Illegale Migration geht trotz Corona-Krise weiter!+++ Der Innenpolitischer Sprecher der #AfD-Fraktion im Deutschen Bundestag @GottfriedCurio kritisiert das Vorgehen der Bundesregierung in der #Corona-Krise. #Covid19 #CoronaLockdown",,@GottfriedCurio,#AfD #Corona #Covid19 #CoronaLockdown,1243909580263915520,https://twitter.com/AfDimBundestag/status/1243909580263915520
2020-03-27 15:37:35,AfDimBundestag,,133,334,889,"Hofberichterstattung des Staatsfunks in der #Corona-Krise: So werden #Spahn und #Merkel als Krisenmanager gefeiert! #ARD #ZDF #AfD #Covid19",,,#Corona #Spahn #Merkel #ARD #ZDF #AfD #Covid19,1243562821918613511,https://twitter.com/AfDimBundestag/status/1243562821918613511
2020-03-27 13:23:39,Linksfraktion,,2,5,12,".@UllaJelpke: Angesichts der #Corona-Krise brauchen wir jetzt dringend einen allgemeinen #Abschiebestopp. Das #Menschenrecht auf #Gesundheit ist unteilbar, deswegen sind #Abschiebungen unverantwortlicher denn je -",,@UllaJelpke,#Corona #Abschiebestopp #Menschenrecht #Gesundheit #Abschiebungen,1243529116340695041,https://twitter.com/Linksfraktion/status/1243529116340695041
2020-03-27 09:48:19,Linksfraktion,,0,6,21,".@NiemaMovassat: #Suchtkranke brauchen auch in Zeiten von #Corona Hilfe - http://gleft.de/3EA #COVID19deutschland #Sucht #Drogen",,@NiemaMovassat,#Suchtkranke #Corona #COVID19deutschland #Sucht #Drogen,1243474927006744576,https://twitter.com/Linksfraktion/status/1243474927006744576
2020-03-26 16:12:54,Linksfraktion,,4,8,40,".@jankortemdb zur Einschränkung der #Grundrechte wegen #Corona: Das zu suspendieren, das bedarf einer sehr gründlichen Überlegung und Abwägung. Und wichtig ist, dass man darüber immer wieder neu spricht. http://gleft.de/3Er",,@jankortemdb,#Grundrechte #Corona,1243209321233743874,https://twitter.com/Linksfraktion/status/1243209321233743874
2020-03-26 12:42:04,AfDimBundestag,,15,24,99,"Armutsrisiko von Alleinerziehenden ist mit 32,5% doppelt so hoch wie beim Bevölkerungsdurchschnitt - betrifft 2,17 Mio Eltern in #Deutschland, 90% davon sind #Frauen. Dazu @M_Reichardt_AfD: ""#Corona-Sozialpaket: #Regierung lässt #Alleinerziehende alleine!""",,@M_Reichardt_AfD,#Deutschland #Frauen #Corona #Regierung #Alleinerziehende,1243156261325156354,https://twitter.com/AfDimBundestag/status/1243156261325156354
2020-03-26 10:36:47,Linksfraktion,,0,4,6,".@MdB_Schreiber: #Pandemie-Bonds für #Corona, #Ebola und Co: Fortschritt oder Fiasko? Was die #Weltbank einst als Rettung vor Pandemien pries, hat sich als profitables Geschäft für #Finanzinvestoren herausgestellt.",,@MdB_Schreiber,#Pandemie #Corona #Ebola #Weltbank #Finanzinvestoren,1243124732859482118,https://twitter.com/Linksfraktion/status/1243124732859482118
2020-03-25 17:46:43,AfDimBundestag,,16,37,156,"Angesichts der #Coronapandemie fordert der #AfD-Abgeordnete @StefanKeuterAfD die sofortige Abschaffung des Solidaritätszuschlags: https://www.afdbundestag.de/keuter-angesichts-der-corona-pandemie-solidaritaetszuschlag-sofort-abschaffung/ #CoronaVirusDE #Corona",,@StefanKeuterAfD,#Coronapandemie #AfD #CoronaVirusDE #Corona,1242870544569184257,https://twitter.com/AfDimBundestag/status/1242870544569184257
2020-03-25 15:29:48,Linksfraktion,,0,3,7,".@FrStraetmanns: Änderungen im #Prozessrecht angesichts der #Corona-Krise für DIE #LINKE akzeptabel - https://www.youtube.com/watch?v=J5swrTJty_A #COVID19de",,@FrStraetmanns,#Prozessrecht #Corona #LINKE #COVID19de,1242836088441442305,https://twitter.com/Linksfraktion/status/1242836088441442305
2020-03-25 15:21:15,AfDimBundestag,,10,30,125,"In der Debatte zur Bewältigung der #Corona-Krise stellt #AfD-MdB Jürgen @Pohl_MdB klar: ""Die alten Menschen in unserem Land verdienen maximal mögliche Hilfe! Sie haben wieder aufgebaut. Ihnen verdanken wir unseren Wohlstand!"" #Bundestag #COVID2019",,@Pohl_MdB,#Corona #AfD #Bundestag #COVID2019,1242833934611816448,https://twitter.com/AfDimBundestag/status/1242833934611816448
2020-03-25 14:53:15,AfDimBundestag,,27,77,277,"""Keine Milliarden mehr für Asylindustrie nach der #Corona-Krise! Die Staatsfinanzen werden für die absehbare Zukunft so stark belastet, dass nicht unabdingbare Ausgaben schlicht unmöglich sein werden"", so #AfD-MdB Fabian @Jacobi_AfD. #COVID2019 #Bundestag",,@Jacobi_AfD,#Corona #AfD #COVID2019 #Bundestag,1242826887069601792,https://twitter.com/AfDimBundestag/status/1242826887069601792
2020-03-25 14:19:01,Linksfraktion,,3,5,22,"»Jetzt ist Zeit für mehr Gerechtigkeit«, findet @LoetzschMdB. Gesine Lötzsch fordert in Ihrer Rede zum #Corona Hilfspaket Risikozuschläge für Krankenschwestern und VerkäuferInnen. Außerdem müssten Gewinne von Krisengewinnlern gedeckelt werden. ",,@LoetzschMdB,#Corona,1242818274498355201,https://twitter.com/Linksfraktion/status/1242818274498355201
2020-03-25 10:06:49,AfDimBundestag,,25,109,347,"In der Debatte zur Bewältigung der #Corona-Krise mahnt #AfD-MdB @PeterBoehringer: ""Man kann sich nicht dauerhaft aus einer Krise drucken! Wir müssen schon jetzt an die Zeit nach Corona denken, damit unsere Wirtschaft langsam wieder auf die Beine kommt!"" #COVID2019 #Bundestag",,@PeterBoehringer,#Corona #AfD #COVID2019 #Bundestag,1242754807070437377,https://twitter.com/AfDimBundestag/status/1242754807070437377
2020-03-25 09:16:12,AfDimBundestag,,165,363,1259,"Alexander #Gauland, Vorsitzender der #AfD-Fraktion im Deutschen #Bundestag, macht in der Debatte zur Bewältigung der #Corona-Krise klar: ""Man kann die Grenzen also doch schützen, wir werden die Regierung bei Gelegenheit daran erinnern!"" #GroKo #COVID2019 #CoronavirusLockdown",,,#Gauland #AfD #Bundestag #Corona #GroKo #COVID2019 #CoronavirusLockdown,1242742067752833024,https://twitter.com/AfDimBundestag/status/1242742067752833024
2020-03-24 16:30:00,Linksfraktion,,6,14,52,"Auch in diesen Zeiten ist unsere Fraktion arbeitsfähig. Gerade müssen die Abstimmungen der morgigen Gesetzesvorhaben zur Abmilderung der Corona-Krise vorbereitet werden. Denn die Hilfen müssen schnell bei den Menschen ankommen, die sie dringend benötigen. #corona ",,,#corona,1242488847453347840,https://twitter.com/Linksfraktion/status/1242488847453347840
2020-03-24 13:58:37,Linksfraktion,,1,1,9,"#Corona-Agrarpaket gut, aber nicht gut genug, so @KirstenTackmann »Die Versorgung mit Lebensmitteln kurz- und mittelfristig sichern. Rettungsschirm für Agrar- und Gartenbaubetriebe mit versorgungsrelevanten Anbaukulturen ergibt Sinn, hat aber Löcher.«",,@KirstenTackmann,#Corona,1242450752301338624,https://twitter.com/Linksfraktion/status/1242450752301338624
2020-03-24 10:58:13,AfDimBundestag,,9,19,67,"Dass die Mieter vor den Folgen d. #CoronaPandemie geschützt werden, ist wichtig. Doch die #Bundesregierung agiert hier falsch, läuft Gefahr, die kommende Krise zu verschärfen. @UdoHemmelgarn: ""#GroKo plant Bekämpfung von Corona-Folgen auf Kosten Dritter!"" ",,@UdoHemmelgarn,#CoronaPandemie #Bundesregierung #GroKo,1242405351389106177,https://twitter.com/AfDimBundestag/status/1242405351389106177
2020-03-23 14:30:33,Linksfraktion,,0,2,8,"„Die EU muss den Mitgliedsstaaten im Kampf gegen #Corona Steine aus dem Weg räumen“, sagt Alexander Ulrich von den #EU-#Finanzminister|n und fordert die umgehende Aussetzung des #Stabilitätspakt|s:",,,#Corona #EU #Finanzminister #Stabilit,1242096401728843776,https://twitter.com/Linksfraktion/status/1242096401728843776
2020-03-23 07:17:41,Linksfraktion,,4,13,31,"Licht und Schatten bei #Corona-Krisengesetz: »Es wäre sinnvoll und unbürokratisch, die Fallpauschalen abzuschaffen und den Krankenhäusern monatlich ein Budget zuzuweisen, das die tatsächlichen Kosten komplett abdeckt«, so @AchimKesslerMdB",,@AchimKesslerMdB,#Corona,1241987466548174849,https://twitter.com/Linksfraktion/status/1241987466548174849
2020-03-20 15:07:51,AfDimBundestag,,14,35,138,"#Bayern führt heute Nacht als erstes Bundesland eine allgemeine #Ausgangssperre ein, andere werden folgen. Die Auswirkungen auf #Obdachlose sind kaum abzusehen. Dazu @Witt_Uwe: „Notfallprogramm für Obdachlose!“ #AfD #Coronakrise #Corona #Covid_19",,@Witt_Uwe,#Bayern #Ausgangssperre #Obdachlose #AfD #Coronakrise #Corona #Covid_19,1241018623965171714,https://twitter.com/AfDimBundestag/status/1241018623965171714
2020-03-20 11:46:02,Linksfraktion,,10,15,55,"Bundesinnenminister #Seehofer (CSU) hat am Donnerstag eine #Reichsbürger-Gruppierung verboten. In zehn Bundesländern kam es zu Razzien. @MartinaRenner sagte gegenüber der #Tagesschau, warum das in Zeiten der #Corona-Krise ein notwendiger Schritt war. http://gleft.de/3Da",,@MartinaRenner,#Seehofer #Reichsb #Tagesschau #Corona,1240967832587862016,https://twitter.com/Linksfraktion/status/1240967832587862016
2020-03-20 09:14:42,AfDimBundestag,,99,252,818,".@Beatrix_vStorch erklärt zu Merkels Krisenmanagement: „Es ist wie 2015. Erst vergrößert sie die Krise durch Untätigkeit. Dann appelliert sie an die Opferbereitschaft der Bürger. Und für die Zeit danach hat sie keinen Plan.“ #COVID19 #Corona #Covid_19",,@Beatrix_vStorch,#COVID19 #Corona #Covid_19,1240929750857777152,https://twitter.com/AfDimBundestag/status/1240929750857777152
2020-03-19 15:22:20,Linksfraktion,,18,60,149,".@SevimDagdelen: Angesichts der #Corona-Pandemie muss #NATO ihr Aufrüstungsprogramm sofort stoppen. Geplante Mehrausgaben der 29 NATO-Staaten in Höhe von 400 Milliarden US-Dollar bis zum Jahr 2024 müssen für Ausbau der Gesundheitssysteme umgewidmet werden",,@SevimDagdelen,#Corona #NATO,1240659879779610630,https://twitter.com/Linksfraktion/status/1240659879779610630
2020-03-19 12:24:04,Linksfraktion,,8,15,64,"Viele Studierende bangen wegen #Corona-Pandemie um ihre Jobs. ""Die meisten der 2,9 Millionen ##Studierenden in Deutschland müssen in der Freizeit arbeiten, um ihren Lebensunterhalt zu finanzieren"", sagt @NicoleGohlke. Sie fordert Soforthilfe. #COVID2019de",,@NicoleGohlke,#Corona #Studierenden #COVID2019de,1240615017889890304,https://twitter.com/Linksfraktion/status/1240615017889890304
2020-03-18 16:17:39,AfDimBundestag,,48,96,397,"#EU-Kommissionspräsidentin #vdLeyen: „Wir wissen, dass das Krisenzentrum in Europa liegt. Wir alle, die keine Experten sind, haben das Virus unterschätzt.“ @Beatrix_vStorch: ""#Corona-Krise – vdL gesteht ihr Versagen ein. Sie sollte Konsequenzen ziehen."" ",,@Beatrix_vStorch,#EU #vdLeyen #Corona,1240311414125924352,https://twitter.com/AfDimBundestag/status/1240311414125924352
2020-03-18 15:26:58,Linksfraktion,,0,4,9,".@AchimKesslerMdB: #Solidarität und entschiedenes gesundheitspolitisches Handeln in der #Corona-Krise - http://gleft.de/3CB #COVID2019de",,@AchimKesslerMdB,#Solidarit #Corona #COVID2019de,1240298659482386436,https://twitter.com/Linksfraktion/status/1240298659482386436
2020-03-18 13:20:01,AfDimBundestag,,17,27,134,"Die deutsche Konjunktur bricht durch die #Covid2019de-Krise ein. Experten erwarten einen Rückgang des BIP. Dazu @DrFriesenMdB: ""Russlandsanktionen jetzt aufheben – das beste Konjunkturprogramm in Zeiten der #Corona-Krise!"" #WirvsVirus #AfD #Bundestag",,@DrFriesenMdB,#Covid2019de #Corona #WirvsVirus #AfD #Bundestag,1240266711468736512,https://twitter.com/AfDimBundestag/status/1240266711468736512
2020-03-17 13:58:01,AfDimBundestag,,22,30,149,"Die Grünen-Politikerin&„Klimaschutz“-Aktivistin @Luisamneubauer nutzt die #COVID2019-Krise zur Blaupause für den sog. Klimaschutz. Dazu @Alice_Weidel: ""Entlarvender Missbrauch der Corona-Krise durch radikale „Klimaschützer“"" #COVID19de #COVID19deutschland https://www.afdbundestag.de/alice-weidel-entlarvender-missbrauch-der-corona-krise-durch-radikale-klimaschuetzer",,@Luisamneubauer @Alice_Weidel,#COVID2019 #COVID19de #COVID19deutschland,1239913887803363329,https://twitter.com/AfDimBundestag/status/1239913887803363329
2020-03-17 13:52:29,Linksfraktion,,2,7,20,".@SevimDagdelen: #Corona-#Pandemie bekämpfen - #Sanktionen gegen #Iran, ##Syrien und #Venezuela aufheben -",,@SevimDagdelen,#Corona #Pandemie #Sanktionen #Iran #Syrien #Venezuela,1239912492857462784,https://twitter.com/Linksfraktion/status/1239912492857462784
2020-03-17 13:49:49,AfDimBundestag,,40,74,295,"Sebastian @S_Muenzenmaier, Stv. Vorsitzender der #AfD-Fraktion, weist die Forderung von Innenminister Pistorius nach Strafen gegen Fake News im Zusammenhang mit der #Corona-Krise klar zurück: ""Keine Einschränkung der Meinungsfreiheit durch die Hintertür!"" ",,@S_Muenzenmaier,#AfD #Corona,1239911823433969667,https://twitter.com/AfDimBundestag/status/1239911823433969667
2020-03-17 10:58:28,AfDimBundestag,,95,213,821,"Der #AfD-Fraktionsvorsitzende, Alexander #Gauland, erklärt zu den staatlichen Maßnahmen in der #Corona-Krise: ""Der demokratische Nationalstaat ist die einzige verlässliche Größe."" #COVID2019 #coronavirusdeutschland https://www.afdbundestag.de/gauland-der-demokratische-nationalstaat-ist-die-einzige-verlaessliche-groesse",,,#AfD #Gauland #Corona #COVID2019 #coronavirusdeutschland,1239868702583074818,https://twitter.com/AfDimBundestag/status/1239868702583074818
2020-03-16 16:02:31,Linksfraktion,,4,2,19,"#Reiseverbote: Viele Flieger bleiben derzeit wegen #corona am Boden. Doch wenn Fluggesellschaften staatliche Hilfen in Anspruch nehmen, müssen Entlassungen von Beschäftigten ausgeschlossen sein, fordert @ernst_klaus:",,@ernst_klaus,#Reiseverbote #corona,1239582828804943872,https://twitter.com/Linksfraktion/status/1239582828804943872
2020-03-16 15:59:32,Linksfraktion,,10,8,19,".@HeikeHaensel: Griechische Flüchtlingslager medizinisch gegen #Corona-Ausbreitung schützen und mittelfristig evakuieren ",,@HeikeHaensel,#Corona,1239582079286992902,https://twitter.com/Linksfraktion/status/1239582079286992902
2020-03-16 15:41:08,AfDimBundestag,,61,197,692,"Zur Entscheidung der Regierung in der #Corona-Krise die #Grenze zu kontrollieren, erklärt #AfD-Fraktionsvorsitzender Dr. Alexander #Gauland: ""Keine #Bundesregierung wird je wieder offene Grenzen damit begründen können, dass eine Kontrolle unmöglich sei!"" https://www.afdbundestag.de/gauland-grenzkontrollen-widerlegen-aussagen-der-bundesregierung-in-der-fluechtlingskrise/",,,#Corona #Grenze #AfD #Gauland #Bundesregierung,1239577449337442306,https://twitter.com/AfDimBundestag/status/1239577449337442306
2020-03-16 14:12:29,AfDimBundestag,,27,80,365,"Der Präsident der Bundespolizei stellt fest, dass wir mit #CoronaVirusDE nicht nur eine Krise des Gesundheitswesens, sondern auch eine der Sicherheit und Ordnung haben. @Beatrix_vStorch: ""Wo ist ein schlüssiges Sicherheitskonzept in der #Corona-Krise?"" ",,@Beatrix_vStorch,#CoronaVirusDE #Corona,1239555140358725632,https://twitter.com/AfDimBundestag/status/1239555140358725632
2020-03-16 09:30:09,AfDimBundestag,,15,16,97,".@S_Muenzenmaier, tourismuspol. Sprecher der #AfD-Fraktion, fordert wegen der #Corona-Krise ein sofortiges Rettungsprogramm für die Tourismusbranche: ""Wir müssen jetzt schnell und unbürokratisch handeln, um die betroffenen Betriebe zu retten!"" #COVID19",,@S_Muenzenmaier,#AfD #Corona #COVID19,1239484087011811329,https://twitter.com/AfDimBundestag/status/1239484087011811329
2020-03-13 10:59:38,Linksfraktion,,3,5,19,"Alexander Ulrich: Wir brauchen Mut und #Solidarität, um die #Corona-Krise zu überwinden. Kein #Beschäftigter soll seinen #Job verlieren, kein #Unternehmen schließen und #Selbstständige nicht ihre #Existenz verlieren!",,,#Solidarit #Corona #Besch #Job #Unternehmen #Selbstst #Existenz,1238419440548622339,https://twitter.com/Linksfraktion/status/1238419440548622339
2020-03-13 10:34:05,AfDimBundestag,,7,31,166,"In der Debatte um Sofortmaßnahmen in der #Corona-Krise stellt @Leif_Erik_Holm, stv. Vorsitzender der #AfD-Fraktion im #Bundestag, klar: ""Schluss mit dem Zaudern, wir müssen endlich handeln!"" #Covid_19 #CoronaVirusDE",,@Leif_Erik_Holm,#Corona #AfD #Bundestag #Covid_19 #CoronaVirusDE,1238413010760327168,https://twitter.com/AfDimBundestag/status/1238413010760327168
2020-03-13 09:27:02,AfDimBundestag,,136,415,1452,"+++ #Corona-Krise: #AfD-Abgeordneter fordert Merkels Rücktritt – #Bundestag tobt! +++ Norbert @NKleinwaechter stellt in seiner Rede klar: ""Wenn Menschen ihren Job verlieren, wenn Unternehmer pleite gehen, dann liegt das (auch) daran, dass #Merkel politisch falsch gehandelt hat!""",,@NKleinwaechter,#Corona #AfD #Bundestag #Merkel,1238396139155738625,https://twitter.com/AfDimBundestag/status/1238396139155738625
2020-03-12 16:17:21,Linksfraktion,,0,3,5,".@AchimKesslerMdB: Ältere besser vor #Corona schützen – Personalersatz in Pandemiepläne aufnehmen - ",,@AchimKesslerMdB,#Corona,1238137011426508801,https://twitter.com/Linksfraktion/status/1238137011426508801
2020-03-12 13:09:17,AfDimBundestag,,50,196,606,"Die Zahl der #Corona-Fälle in steigt stündlich, doch die #Bundesregierung gibt nur Handlungsempfehlungen aus, statt die Bürger zu schützen. Dazu @Alice_Weidel: #COVID19-Handeln der Politik gefährdet Leib und Leben der Menschen!"" #coronadeutschland #AfD",,@Alice_Weidel,#Corona #Bundesregierung #COVID19 #coronadeutschland #AfD,1238089680614313986,https://twitter.com/AfDimBundestag/status/1238089680614313986
2020-03-11 15:32:08,AfDimBundestag,,7,17,60,"#COVID19 hat Einfluss auf den Arbeitsmarkt. Angesichts d. rasanten Ausbreitung d. #Coronavirus gibt @Pohl_MdB zu bedenken: ""Fachkräfteengpass verstärkt die Corona-Krise"" - hier insbes. die Leistungsfähigkeit der pharmazeutischen Branche. #coronadeutschland",,@Pohl_MdB,#COVID19 #Coronavirus #coronadeutschland,1237763241843068928,https://twitter.com/AfDimBundestag/status/1237763241843068928
2020-03-11 13:38:33,Linksfraktion,,13,5,40,".@FabioDeMasi zum Aktionsplan renommierter Ökonomen gegen die #Corona-Rezession: #Merkel muss die Aussetzung der #Schuldenbremse wegen einer Notsituation erklären und eine Entschuldung von #Kommunen nicht länger blockieren. #coronavirusdeutschland",,@FabioDeMasi,#Corona #Merkel #Schuldenbremse #Kommunen #coronavirusdeutschland,1237734661457149955,https://twitter.com/Linksfraktion/status/1237734661457149955
2020-03-11 12:15:54,Linksfraktion,,8,23,109,"Ein Hinweis in eigener Sache: In Verantwortung für Ihre/Eure Gesundheit sagen wir vorerst bis zum 30. April 2020 alle Veranstaltungen der Fraktion DIE LINKE. im Bundestag ab. #Corona #coronavirusdeutschland",,,#Corona #coronavirusdeutschland,1237713858372030464,https://twitter.com/Linksfraktion/status/1237713858372030464
2020-03-11 09:44:45,AfDimBundestag,,29,39,148,"Der verkehrspolitische Sprecher der #AfD-Fraktion @DirkSpaniel fordert, die Gebühren für das Nutzen öffentlicher Parkplätze auszusetzen: ""Sofortige Aussetzung der Parkgebühren in den Innenstädten, um #Corona-Ansteckungsgefahr zu reduzieren!"" #coronavirus https://www.afdbundestag.de/spaniel-sofortige-aussetzung-der-parkgebuehren-in-den-innenstaedten-um-corona-ansteckungsgefahr-zu-reduzieren/",,@DirkSpaniel,#AfD #Corona #coronavirus,1237675819901779968,https://twitter.com/AfDimBundestag/status/1237675819901779968
2020-03-10 15:09:10,AfDimBundestag,,15,43,193,"An vielen Schulen sind die sanitären Anlagen in einem schlechten Zustand, der zur Ansteckung mit #COVID19 beitragen kann. Dazu unser bildungspolitischer Sprecher @GtzFrmming: ""#AfD-Fraktionen fordern bessere Vorbereitung der Schulen"" #CoronaVirusDE #Corona ",,@GtzFrmming,#COVID19 #AfD #CoronaVirusDE #Corona,1237395075199455240,https://twitter.com/AfDimBundestag/status/1237395075199455240
2020-03-04 14:34:10,Linksfraktion,,2,20,64,".@Amira_M_Ali: BuReg ist in der Pflicht, durch konkrete Maßnahmen mehr für den Schutz der Bürger zu tun. Tests müssen schnell möglich und Desinfektionsmittel vorhanden sein. Das Gesundheitswesen darf nicht weiter kaputtgespart werden, sondern muss in öffentliche Hand! #corona ",,@Amira_M_Ali,#corona,1235211942437978114,https://twitter.com/Linksfraktion/status/1235211942437978114
2020-03-04 11:51:12,AfDimBundestag,,5,15,58,"Unternehmen leiden unter einem erheblichen Arbeitsausfall, Lieferungen bleiben aus. Dazu @ulschzi und @Pohl_MdB: ""#Corona-Krise bedroht die deutsche Wirtschaft – Sicherung der sozialen Existenz ist ebenso lebenswichtig!"" #AfD #Covid_19 #COVID19de",,@ulschzi @Pohl_MdB,#Corona #AfD #Covid_19 #COVID19de,1235170928448999424,https://twitter.com/AfDimBundestag/status/1235170928448999424
2020-03-02 16:00:01,Linksfraktion,,3,16,48,"Gesundheitsausschuss beriet heute in Sondersitzung zu #Corona Virus. Weiterhin bestehe kein Anlass zur Panik, so @AchimKesslerMdB u fügt hinzu: »Jetzt rächt sich, dass unser Gesundheitssystem in den letzten Jahrzehnten auf Profit und Markt getrimmt wurde.« https://www.linksfraktion.de/presse/pressemitteilungen/detail/coronavirus-jetzt-raecht-sich-dass-unser-gesundheitssystem-auf-profit-und-markt-getrimmt-wurde/",,@AchimKesslerMdB,#Corona,1234508768135782400,https://twitter.com/Linksfraktion/status/1234508768135782400
2020-02-26 15:37:33,AfDimBundestag,,113,286,898,"+++Deutschland stolpert hilflos in die #Corona-Krise!+++ Trotz der bedrohlichen Entwicklung beschwichtigt die Regierung nur und handelt nicht. Die #AfD-Fraktionsvorsitzende @Alice_Weidel kritisiert Gesundheitsminister Jens #Spahn und die #GroKo. #Covid19",,@Alice_Weidel,#Corona #AfD #Spahn #GroKo #Covid19,1232691177926922240,https://twitter.com/AfDimBundestag/status/1232691177926922240
2020-02-14 08:28:19,AfDimBundestag,,3,11,27,"Zur Aktuellen Stunde „Strategie zur Vorbeugung geg. das #CORONA-Virus im #Bundestag fordern @DrRobbySchlund&amp;Detlev Spangenberg zusätzliche Maßnahmen für Prävention zu ergreifen und einen weltweiten Maßnahmeplan für solche Katastrophen zu erarbeiten.“ #AfD",,@DrRobbySchlund,#CORONA #Bundestag #AfD,1228234504122224647,https://twitter.com/AfDimBundestag/status/1228234504122224647
2020-02-12 15:20:43,AfDimBundestag,,95,193,576,"+++#Grüne Gesundheitspolitik+++ Schon gewusst? ""Verschwörungstheorien und #Rassismus fördern die Verbreitung von Viren"", so die Grünen-Abgeordnete Kordula Schulz-Asche. Aha, alles klar.. #Corona #Covid19 #AfD",,,#Gr #Rassismus #Corona #Covid19 #AfD,1227613510181572614,https://twitter.com/AfDimBundestag/status/1227613510181572614
2020-02-12 15:13:11,AfDimBundestag,,21,66,300,"In der Aktuellen Stunde zur Vorbeugung gegen das Corona-Virus platzt #AfD-MdB Robby Schlund nach unqualifizierten Zwischenrufen der Linken der Kragen: ""Können Sie einfach mal ihre Klappe halten und zuhören?"" #Bundestag #coronavirus",,,#AfD #Bundestag #coronavirus,1227611616432271360,https://twitter.com/AfDimBundestag/status/1227611616432271360
